id,title,author,isbn,parent_genre,genre,sub_genre,price,pages,publisher,year,description
0,Where the Crawdads Sing,Delia Owens,9781043321818,Fiction,"Crime, Thriller & Mystery",Thrillers and Suspense,3.56,422,Penguin Books,1954,Imprescindible para cualquier amante de la lectura; una historia que perdura en la memoria.
1,"Girl on the Train, The (RED)",Paula Hawkins,9780133890834,Fiction,"Crime, Thriller & Mystery",Thrillers and Suspense,3.67,380,Random House,1967,"Narración brillante que combina suspense, emoción y reflexión filosófica."
2,"THE SILENT PATIENT [Paperback] Michaelides, Alex",Alex Michaelides,9787940265426,Fiction,"Crime, Thriller & Mystery",Thrillers and Suspense,2.98,272,Macmillan Publishers,1968,"Escrita con una prosa elegante, esta obra es un referente en la literatura contemporánea."
3,"The Silent Patient: The record-breaking, multimillion copy Sunday Times bestselling thriller and TikTok sensation",Alex Michaelides,9781615594079,Lifestyle & Leisure,"Arts, Film & Photography",Theory & Criticism,2.14,284,Macmillan Publishers,2016,Un viaje apasionante a través de ideas que transforman la manera de ver el mundo.
4,"THE SILENT PATIENT [Paperback] Michaelides, Alex",Alex Michaelides,9781849593100,Fiction,Literature & Fiction,"Crime, Thriller & Mystery",2.98,703,Penguin Books,1986,Un viaje apasionante a través de ideas que transforman la manera de ver el mundo.
5,Kunex It Ends With Us : ''Sometimes The One Who Loves You Is The One Who Hurts You The Most'',Colleen Hoover,9783164752556,Fiction,Literature & Fiction,"Crime, Thriller & Mystery",3.24,767,Simon & Schuster,1953,Una novela que desafía convenciones y ofrece una perspectiva fresca y reveladora.
6,Kunex It Ends With Us : ''Sometimes The One Who Loves You Is The One Who Hurts You The Most'',Colleen Hoover,9789283276485,Fiction,Romance,Contemporary,3.24,1006,Simon & Schuster,1978,Un relato profundo y emotivo que explora la condición humana con maestría literaria.
7,Kunex It Ends With Us : ''Sometimes The One Who Loves You Is The One Who Hurts You The Most'',Colleen Hoover,9783056413958,Fiction,Romance,New Adult & College,3.24,1084,Penguin Books,1997,Una novela que desafía convenciones y ofrece una perspectiva fresca y reveladora.
8,It Ends With Us: The emotional #1 Sunday Times bestseller,Colleen Hoover,9787242388496,Fiction,Romance,New Adult & College,1.88,798,Macmillan Publishers,2022,Repleta de personajes complejos y giros inesperados que no te dejarán soltar el libro.
9,"VERITY [Paperback] Hoover, Colleen",Colleen Hoover,9785328710126,Fiction,Literature & Fiction,"Crime, Thriller & Mystery",1.87,1197,HarperCollins,1996,Un relato profundo y emotivo que explora la condición humana con maestría literaria.
10,"VERITY [Paperback] Hoover, Colleen",Colleen Hoover,9781669784806,Fiction,"Crime, Thriller & Mystery",Thrillers and Suspense,1.87,607,Bloomsbury Publishing,1987,"Un clásico moderno que mezcla aventura, drama y crítica social de forma magistral."
11,Lessons in Chemistry,Garmus Bonnie,9785146270480,Non-Fiction,Society & Social Sciences,Society & Culture,4.05,1076,Bloomsbury Publishing,1989,"Narración brillante que combina suspense, emoción y reflexión filosófica."
12,Lessons in Chemistry: The multi-million-copy bestseller,Bonnie Garmus,9784893252889,Non-Fiction,Society & Social Sciences,Society & Culture,3.4,599,Random House,1970,Una obra maestra que redefine el género y cautiva al lector desde la primera página.
13,Reminders of Him: A Novel,Colleen Hoover,9787015430391,Fiction,Romance,New Adult & College,1.42,826,Macmillan Publishers,2022,"Cautivadora desde el primer capítulo, con un desenlace que sorprende y conmueve."
14,THE HOUSEMAID,Freida Mcfadden,9781822782482,Fiction,"Crime, Thriller & Mystery",Thrillers and Suspense,3.55,1019,HarperCollins,1989,Una obra maestra que redefine el género y cautiva al lector desde la primera página.
15,The Housemaid: An absolutely addictive psychological thriller with a jaw-dropping twist,Freida McFadden,9788346578710,Fiction,Literature & Fiction,"Crime, Thriller & Mystery",2.47,107,HarperCollins,2010,"Un clásico moderno que mezcla aventura, drama y crítica social de forma magistral."
16,THE HOUSEMAID,Freida Mcfadden,9785098393012,Fiction,Literature & Fiction,"Crime, Thriller & Mystery",3.55,802,HarperCollins,2006,Una obra maestra que redefine el género y cautiva al lector desde la primera página.
17,A Man Called Ove: Now a major film starring Tom Hanks,Fredrik Backman,9780518347389,Fiction,Literature & Fiction,Humour,2.32,696,Scholastic,1987,Una novela que desafía convenciones y ofrece una perspectiva fresca y reveladora.
18,A Man Called Ove,Fredrik Backman,9787376311654,Fiction,Literature & Fiction,Humour,2.44,763,Bloomsbury Publishing,1969,Un relato profundo y emotivo que explora la condición humana con maestría literaria.
19,A Man Called Ove,Fredrik Backman,9780106513339,Non-Fiction,Society & Social Sciences,Society & Culture,2.44,1140,Penguin Books,1966,Imprescindible para cualquier amante de la lectura; una historia que perdura en la memoria.
20,THINGS WE NEVER GOT OVER: the TikTok bestseller and perfect small-town romcom! (Knockemout Series),Lucy Score,9786247317817,Fiction,Romance,Western & Frontier,4.52,1071,Penguin Books,1968,Una obra maestra que redefine el género y cautiva al lector desde la primera página.
21,A Court of Thorns and Roses: Enter the EPIC fantasy worlds of Sarah J Maas with the breath-taking first book in the GLOBALLY BESTSELLING ACOTAR series,Sarah J. Maas,9781326773609,Children & Young Adult,Teen & Young Adult,Science Fiction & Fantasy,3.07,310,Scholastic,1987,"Un clásico moderno que mezcla aventura, drama y crítica social de forma magistral."
22,A Court of Thorns and Roses: Enter the EPIC fantasy worlds of Sarah J Maas with the breath-taking first book in the GLOBALLY BESTSELLING ACOTAR series,Sarah J. Maas,9786474687232,Children & Young Adult,Teen & Young Adult,Romance,3.07,632,Vintage Books,1999,Una obra maestra que redefine el género y cautiva al lector desde la primera página.
23,A Court of Thorns and Roses,Sarah J. Maas,9789805009788,Children & Young Adult,Teen & Young Adult,Romance,1.48,1143,Random House,1982,Una obra maestra que redefine el género y cautiva al lector desde la primera página.
24,A Court of Thorns and Roses,Sarah J. Maas,9788121913613,Fiction,Romance,Paranormal,4.4,122,HarperCollins,1979,Una novela que desafía convenciones y ofrece una perspectiva fresca y reveladora.
25,A Court of Thorns and Roses,Sarah J. Maas,9789091699858,Fiction,Literature & Fiction,"Myths, Legends & Sagas",4.4,382,Vintage Books,1953,"Escrita con una prosa elegante, esta obra es un referente en la literatura contemporánea."
26,Fourth Wing: DISCOVER THE INSTANT SUNDAY TIMES AND NUMBER ONE GLOBAL BESTSELLING PHENOMENON!* (The Empyrean),Rebecca Yarros,9783462475103,Fiction,"Fantasy, Horror & Science Fiction",Fantasy,2.72,920,Bloomsbury Publishing,1977,"Narración brillante que combina suspense, emoción y reflexión filosófica."
27,Fourth Wing: DISCOVER THE INSTANT SUNDAY TIMES AND NUMBER ONE GLOBAL BESTSELLING PHENOMENON!* (The Empyrean),Rebecca Yarros,9781183842515,Fiction,Literature & Fiction,"Fantasy, Horror & Science Fiction",2.72,531,Simon & Schuster,1988,Una obra maestra que redefine el género y cautiva al lector desde la primera página.
28,Fourth Wing: DISCOVER THE INSTANT SUNDAY TIMES AND NUMBER ONE GLOBAL BESTSELLING PHENOMENON!* (The Empyrean),Rebecca Yarros,9782784980849,Fiction,Romance,Fantasy,2.72,370,Vintage Books,1968,"Cautivadora desde el primer capítulo, con un desenlace que sorprende y conmueve."
29,Fourth Wing: DISCOVER THE INSTANT SUNDAY TIMES AND NUMBER ONE GLOBAL BESTSELLING PHENOMENON!* (The Empyrean),Rebecca Yarros,9781182449356,Fiction,Romance,New Adult & College,2.72,811,Macmillan Publishers,1951,"Cautivadora desde el primer capítulo, con un desenlace que sorprende y conmueve."
30,FOURTH WING: DISCOVER THE INSTANT SUNDAY TIMES AND NUMBER ONE GLOBAL BESTSELLING PHENOMENON! (The Empyrean),Rebecca Yarros,9787401640059,Fiction,Romance,New Adult & College,11.6,1099,Oxford University Press,1983,Una novela que desafía convenciones y ofrece una perspectiva fresca y reveladora.
31,Fourth Wing: DISCOVER THE INSTANT SUNDAY TIMES AND NUMBER ONE GLOBAL BESTSELLING PHENOMENON!* (The Empyrean),Rebecca Yarros,9787868011289,Fiction,Romance,Paranormal,2.72,143,Bloomsbury Publishing,1996,Un relato profundo y emotivo que explora la condición humana con maestría literaria.
32,The Fault in Our Stars,John Green,9788262045057,Children & Young Adult,Teen & Young Adult,Social & Family Issues,3.41,580,Scholastic,2015,Imprescindible para cualquier amante de la lectura; una historia que perdura en la memoria.
33,The Fault in Our Stars,John Green,9785869232266,Children & Young Adult,Teen & Young Adult,Romance,3.41,962,Penguin Books,2016,Un viaje apasionante a través de ideas que transforman la manera de ver el mundo.
34,"A Court of Mist and Fury: The second book in the GLOBALLY BESTSELLING, SENSATIONAL series (A Court of Thorns and Roses 2)",Sarah J. Maas,9786342160731,Children & Young Adult,Teen & Young Adult,Science Fiction & Fantasy,3.69,816,Macmillan Publishers,2001,"Cautivadora desde el primer capítulo, con un desenlace que sorprende y conmueve."
35,A Court of Mist and Fury,Sarah J. Maas,9784330365414,Fiction,Romance,Paranormal,4.28,502,Macmillan Publishers,2011,Repleta de personajes complejos y giros inesperados que no te dejarán soltar el libro.
36,"A Court of Mist and Fury: The second book in the GLOBALLY BESTSELLING, SENSATIONAL series (A Court of Thorns and Roses 2)",Sarah J. Maas,9786850142941,Children & Young Adult,Teen & Young Adult,Romance,3.69,262,Hachette Livre,1971,Imprescindible para cualquier amante de la lectura; una historia que perdura en la memoria.
37,The Subtle Art of Not Giving a F*ck: A Counterintuitive Approach to Living a Good Life,Mark Manson,9786556981692,Lifestyle & Leisure,"Health, Family & Personal Development",Self-Help,13.62,476,Simon & Schuster,1994,"Un clásico moderno que mezcla aventura, drama y crítica social de forma magistral."
38,The Subtle Art of Not Giving a F*ck: A Counterintuitive Approach to Living a Good Life,Mark Manson,9786088356155,Lifestyle & Leisure,"Health, Family & Personal Development",Personal Transformation,13.62,853,HarperCollins,1969,Un viaje apasionante a través de ideas que transforman la manera de ver el mundo.
39,A Court of Wings and Ruin,Sarah J. Maas,9784846564824,Fiction,Romance,Paranormal,4.28,301,Macmillan Publishers,2014,Una novela que desafía convenciones y ofrece una perspectiva fresca y reveladora.
40,ME BEFORE YOU,Jojo Moyes,9782994680442,Fiction,Romance,Clean & Wholesome,3.74,640,Vintage Books,1990,Un relato profundo y emotivo que explora la condición humana con maestría literaria.
41,"The Handmaid's Tale [Paperback] Atwood, Margaret",Margaret Atwood,9789577738720,Non-Fiction,Society & Social Sciences,Society & Culture,3.87,1195,Hachette Livre,2016,Imprescindible para cualquier amante de la lectura; una historia que perdura en la memoria.
42,The Housemaid's Secret : A totally gripping psychological thriller with a shocking twist,Freida McFadden,9789513433200,Fiction,Literature & Fiction,"Crime, Thriller & Mystery",3.56,1000,Bloomsbury Publishing,1997,"Cautivadora desde el primer capítulo, con un desenlace que sorprende y conmueve."
43,The Housemaid's Secret : A totally gripping psychological thriller with a shocking twist,Freida McFadden,9789176936761,Fiction,"Crime, Thriller & Mystery",Thrillers and Suspense,3.56,1159,Macmillan Publishers,1998,Una novela que desafía convenciones y ofrece una perspectiva fresca y reveladora.
44,TO KILL A MOCKINGBIRD,Harper Lee,9781632870830,Fiction,Literature & Fiction,Classic Fiction,3.31,438,Bloomsbury Publishing,2012,"Cautivadora desde el primer capítulo, con un desenlace que sorprende y conmueve."
45,1984,George Orwell,9787889579862,Fiction,Literature & Fiction,Classic Fiction,1.09,623,HarperCollins,1971,Imprescindible para cualquier amante de la lectura; una historia que perdura en la memoria.
46,1984 A NOVEL,George Orwell,9787743487347,Non-Fiction,Society & Social Sciences,Anthropology,1.08,794,Simon & Schuster,2017,Repleta de personajes complejos y giros inesperados que no te dejarán soltar el libro.
47,1984 | George Orwell | International Bestseller Paperback Book,George Orwell,9783455812234,Education,Reference,Library & Information Science,1.2,758,Bloomsbury Publishing,2011,Imprescindible para cualquier amante de la lectura; una historia que perdura en la memoria.
48,1984 (AmazonClassics Edition),George Orwell,9781665876031,Fiction,Literature & Fiction,Classic Fiction,0.76,880,Scholastic,1972,"Un clásico moderno que mezcla aventura, drama y crítica social de forma magistral."
49,1984,George Orwell,9780967054664,Non-Fiction,Society & Social Sciences,Anthropology,1.09,934,Macmillan Publishers,2011,Imprescindible para cualquier amante de la lectura; una historia que perdura en la memoria.
50,1984 (AmazonClassics Edition),George Orwell,9783734670650,Fiction,Literature & Fiction,"Fantasy, Horror & Science Fiction",0.76,645,Hachette Livre,1998,Repleta de personajes complejos y giros inesperados que no te dejarán soltar el libro.
51,"Iron Flame: THE NUMBER ONE BESTSELLING SEQUEL TO THE GLOBAL PHENOMENON, FOURTH WING* (The Empyrean)",Rebecca Yarros,9782980699019,Fiction,"Fantasy, Horror & Science Fiction",Fantasy,2.81,713,Macmillan Publishers,1951,Una obra maestra que redefine el género y cautiva al lector desde la primera página.
52,"Iron Flame: THE NUMBER ONE BESTSELLING SEQUEL TO THE GLOBAL PHENOMENON, FOURTH WING* (The Empyrean)",Rebecca Yarros,9782046537555,Fiction,Romance,Fantasy,2.81,470,Scholastic,1958,"Cautivadora desde el primer capítulo, con un desenlace que sorprende y conmueve."
53,"Iron Flame: THE NUMBER ONE BESTSELLING SEQUEL TO THE GLOBAL PHENOMENON, FOURTH WING* (The Empyrean)",Rebecca Yarros,9784170805314,Fiction,Literature & Fiction,"Fantasy, Horror & Science Fiction",2.81,164,Scholastic,1993,Una obra maestra que redefine el género y cautiva al lector desde la primera página.
54,"Iron Flame: THE NUMBER ONE BESTSELLING SEQUEL TO THE GLOBAL PHENOMENON, FOURTH WING* (The Empyrean)",Rebecca Yarros,9783092327196,Fiction,Romance,Paranormal,2.81,1145,Simon & Schuster,1978,"Un clásico moderno que mezcla aventura, drama y crítica social de forma magistral."
55,Never Lie: An addictive psychological thriller,Freida McFadden,9785299124199,Fiction,Literature & Fiction,"Crime, Thriller & Mystery",3.64,783,Bloomsbury Publishing,1989,Un relato profundo y emotivo que explora la condición humana con maestría literaria.
56,Sapiens (L),Yuval Noah Harari,9786631931498,Non-Fiction,Society & Social Sciences,Anthropology,5.11,331,Penguin Books,1976,"Narración brillante que combina suspense, emoción y reflexión filosófica."
57,Sapiens,Yuval Noah Harari,9785865185064,Non-Fiction,Society & Social Sciences,Anthropology,10.53,967,Hachette Livre,1978,"Narración brillante que combina suspense, emoción y reflexión filosófica."
58,Sapiens (L),Yuval Noah Harari,9785726284983,Science & Technology,"Sciences, Technology & Medicine",Biology & Life Sciences,5.11,1011,Bloomsbury Publishing,1969,Un relato profundo y emotivo que explora la condición humana con maestría literaria.
59,Sapiens,Yuval Noah Harari,9789453147375,Non-Fiction,Society & Social Sciences,Society & Culture,10.53,790,Oxford University Press,1985,Una novela que desafía convenciones y ofrece una perspectiva fresca y reveladora.
60,Sapiens (L),Yuval Noah Harari,9785075273542,Non-Fiction,Society & Social Sciences,Society & Culture,5.11,670,Scholastic,1965,Imprescindible para cualquier amante de la lectura; una historia que perdura en la memoria.
61,Sapiens: THE MULTI-MILLION COPY BESTSELLER,Yuval Noah Harari,9784808313676,Non-Fiction,Society & Social Sciences,Anthropology,2.91,305,HarperCollins,1975,"Cautivadora desde el primer capítulo, con un desenlace que sorprende y conmueve."
62,Sapiens: THE MULTI-MILLION COPY BESTSELLER,Yuval Noah Harari,9787701436344,Science & Technology,"Sciences, Technology & Medicine",Biology & Life Sciences,2.91,97,Hachette Livre,1995,"Un clásico moderno que mezcla aventura, drama y crítica social de forma magistral."
63,Project Hail Mary,Andy Weir,9788856855747,Fiction,Literature & Fiction,"Fantasy, Horror & Science Fiction",11.03,1101,Simon & Schuster,2013,Imprescindible para cualquier amante de la lectura; una historia que perdura en la memoria.
64,Becoming : The Sunday Times Number One Bestseller,Michelle Obama,9781351823374,Non-Fiction,Society & Social Sciences,Ethnography,5.11,381,Vintage Books,2008,Un relato profundo y emotivo que explora la condición humana con maestría literaria.
65,Becoming : The Sunday Times Number One Bestseller,Michelle Obama,9789413435247,Non-Fiction,Society & Social Sciences,Society & Culture,5.11,1035,Penguin Books,2022,Repleta de personajes complejos y giros inesperados que no te dejarán soltar el libro.
66,Harry Potter and the Philosopher's Stone,J.K. Rowling,9784008427100,Fiction,"Fantasy, Horror & Science Fiction",Fantasy,3.88,387,Bloomsbury Publishing,1951,Un viaje apasionante a través de ideas que transforman la manera de ver el mundo.
67,Harry Potter and the Philosopher's Stone,J.K. Rowling,9787752047110,Children & Young Adult,Children's Books,Fantasy,3.88,1151,Simon & Schuster,2017,"Cautivadora desde el primer capítulo, con un desenlace que sorprende y conmueve."
68,"Harry Potter and the Philosopher's Stone, Book 1",J.K. Rowling,9789022941314,Children & Young Adult,Children's Books,"Fantasy, Science Fiction & Horror",10.99,673,Hachette Livre,1979,Imprescindible para cualquier amante de la lectura; una historia que perdura en la memoria.
69,Harry Potter and the Philosopher's Stone,J.K. Rowling,9789938677493,Fiction,"Fantasy, Horror & Science Fiction",Fantasy,3.45,413,Oxford University Press,1975,"Cautivadora desde el primer capítulo, con un desenlace que sorprende y conmueve."
70,Harry Potter and the Philosopher's Stone,J.K. Rowling,9789091334123,Children & Young Adult,Children's Books,"Fantasy, Science Fiction & Horror",3.88,701,Hachette Livre,1996,Una novela que desafía convenciones y ofrece una perspectiva fresca y reveladora.
71,Harry Potter and the Philosopher's Stone,J.K. Rowling,9781206797407,Children & Young Adult,Children's Books,"Fantasy, Science Fiction & Horror",3.45,1077,Vintage Books,1954,Repleta de personajes complejos y giros inesperados que no te dejarán soltar el libro.
72,Harry Potter and the Philosopher's Stone,J.K. Rowling,9787134936187,Fiction,Literature & Fiction,"Fantasy, Horror & Science Fiction",3.45,670,HarperCollins,2001,"Un clásico moderno que mezcla aventura, drama y crítica social de forma magistral."
73,Harry Potter and the Philosopher's Stone,J.K. Rowling,9782102499478,Fiction,Literature & Fiction,"Fantasy, Horror & Science Fiction",3.88,212,Macmillan Publishers,1962,"Escrita con una prosa elegante, esta obra es un referente en la literatura contemporánea."
74,"Harry Potter and the Philosopher's Stone, Book 1",J.K. Rowling,9786488771904,Children & Young Adult,Children's Books,Growing Up & Facts of Life,10.99,683,Oxford University Press,1992,Repleta de personajes complejos y giros inesperados que no te dejarán soltar el libro.
75,"Harry Potter and the Philosopher's Stone, Book 1",J.K. Rowling,9784013990496,Fiction,"Fantasy, Horror & Science Fiction",Fantasy,10.99,111,Random House,2014,Un relato profundo y emotivo que explora la condición humana con maestría literaria.
76,"Harry Potter and the Philosopher's Stone, Book 1",J.K. Rowling,9788742967171,Fiction,Literature & Fiction,"Fantasy, Horror & Science Fiction",10.99,1009,HarperCollins,1958,"Un clásico moderno que mezcla aventura, drama y crítica social de forma magistral."
77,When Breath Becomes Air,Paul Kalanithi,9785125674688,Non-Fiction,Society & Social Sciences,Society & Culture,4.61,163,HarperCollins,1984,Un relato profundo y emotivo que explora la condición humana con maestría literaria.
78,When Breath Becomes Air,Paul Kalanithi,9785451680877,Science & Technology,"Sciences, Technology & Medicine",Biology & Life Sciences,4.61,525,Scholastic,2020,Una novela que desafía convenciones y ofrece una perspectiva fresca y reveladora.
79,When Breath Becomes Air: The ultimate moving life-and-death story,Paul Kalanithi,9788597703486,Science & Technology,"Sciences, Technology & Medicine",Biology & Life Sciences,2.77,659,Random House,2018,Un viaje apasionante a través de ideas que transforman la manera de ver el mundo.
80,"The Guest List: From the author of The Hunting Party, the No.1 Sunday Times bestseller and prize winning mystery thriller in 2021",Lucy Foley,9787109324803,Fiction,"Crime, Thriller & Mystery",Thrillers and Suspense,2.97,332,Simon & Schuster,2018,Una novela que desafía convenciones y ofrece una perspectiva fresca y reveladora.
81,Then She Was Gone,Lisa Jewell,9783171274843,Fiction,"Crime, Thriller & Mystery",Thrillers and Suspense,3.93,188,Hachette Livre,1960,Imprescindible para cualquier amante de la lectura; una historia que perdura en la memoria.
82,BORN A CRIME: STORIES FROM A SOUTH AFRICAN CHILDHOOD,Trevor Noah,9783782639827,Fiction,Literature & Fiction,Humour,3.56,1080,Vintage Books,1957,Un viaje apasionante a través de ideas que transforman la manera de ver el mundo.
83,The Song of Achilles,Madeline Miller,9785840449971,Fiction,Literature & Fiction,"Myths, Legends & Sagas",4.29,706,Simon & Schuster,2007,Repleta de personajes complejos y giros inesperados que no te dejarán soltar el libro.
84,The Song of Achilles,Madeline Miller,9787558867532,Fiction,"Fantasy, Horror & Science Fiction",Fantasy,4.29,90,HarperCollins,2022,Un viaje apasionante a través de ideas que transforman la manera de ver el mundo.
85,The Song of Achilles,Madeline Miller,9783605766274,Fiction,Literature & Fiction,"Fantasy, Horror & Science Fiction",4.29,961,Random House,2016,"Escrita con una prosa elegante, esta obra es un referente en la literatura contemporánea."
86,"A Court of Frost and Starlight: An unmissable companion tale to the GLOBALLY BESTSELLING, SENSATIONAL series (A Court of Thorns and Roses Book 4)",Sarah J. Maas,9789517187027,Fiction,Romance,Paranormal,3.07,801,Bloomsbury Publishing,1981,Una obra maestra que redefine el género y cautiva al lector desde la primera página.
87,Atomic Habits,James Clear,9787459615869,Lifestyle & Leisure,"Health, Family & Personal Development",Self-Help,5.61,81,Vintage Books,1981,Una novela que desafía convenciones y ofrece una perspectiva fresca y reveladora.
88,Atomic Habits: An Easy and Proven Way to Build Good Habits and Break Bad Ones,James Clear,9780913431614,Lifestyle & Leisure,"Health, Family & Personal Development",Personal Transformation,9.02,182,Hachette Livre,1982,Una obra maestra que redefine el género y cautiva al lector desde la primera página.
89,Atomic Habits,James Clear,9784005045560,Lifestyle & Leisure,"Health, Family & Personal Development",Personal Transformation,5.61,594,Scholastic,1973,Repleta de personajes complejos y giros inesperados que no te dejarán soltar el libro.
90,The Very Hungry Caterpillar [Board book] Eric Carle,Eric Carle,9786922219695,Children & Young Adult,Children's Books,"Games, Toys & Activities",2.88,362,Vintage Books,1981,"Cautivadora desde el primer capítulo, con un desenlace que sorprende y conmueve."
91,The Very Hungry Caterpillar [Board book] Eric Carle,Eric Carle,9782374740747,Children & Young Adult,Children's Books,"Fantasy, Science Fiction & Horror",2.88,797,Simon & Schuster,1979,Un relato profundo y emotivo que explora la condición humana con maestría literaria.
92,The Very Hungry Caterpillar [Board book] Eric Carle,Eric Carle,9787594647439,Children & Young Adult,Children's Books,Interactive & Activity Books,2.88,660,Penguin Books,2008,"Un clásico moderno que mezcla aventura, drama y crítica social de forma magistral."
93,The Very Hungry Caterpillar [Board book] Eric Carle,Eric Carle,9783695944065,Children & Young Adult,Children's Books,Picture Books,2.88,1108,Hachette Livre,1972,Un relato profundo y emotivo que explora la condición humana con maestría literaria.
94,The Very Hungry Caterpillar [Board book] Eric Carle,Eric Carle,9780974395330,Children & Young Adult,Children's Books,Animals & Pets,2.88,397,Macmillan Publishers,1955,Una novela que desafía convenciones y ofrece una perspectiva fresca y reveladora.
95,Dune,Frank Herbert,9781047095210,Fiction,"Fantasy, Horror & Science Fiction",Fantasy,3.31,256,Bloomsbury Publishing,1984,"Un clásico moderno que mezcla aventura, drama y crítica social de forma magistral."
96,Dune,Frank Herbert,9782328588421,Fiction,Literature & Fiction,"Fantasy, Horror & Science Fiction",3.31,634,Macmillan Publishers,2020,"Cautivadora desde el primer capítulo, con un desenlace que sorprende y conmueve."
97,Dune: The inspiration for the blockbuster film (The Dune Sequence Book 1),Frank Herbert,9785171236857,Science & Technology,"Sciences, Technology & Medicine",Biology & Life Sciences,3.51,372,Oxford University Press,1985,"Cautivadora desde el primer capítulo, con un desenlace que sorprende y conmueve."
98,Dune,Frank Herbert,9784817549654,Fiction,"Fantasy, Horror & Science Fiction",Fantasy,3.78,482,Random House,1961,"Un clásico moderno que mezcla aventura, drama y crítica social de forma magistral."
99,Dune,Frank Herbert,9780985931741,Fiction,Literature & Fiction,Classic Fiction,3.78,964,Penguin Books,1974,"Un clásico moderno que mezcla aventura, drama y crítica social de forma magistral."
100,Dune,Frank Herbert,9780047113822,Fiction,Literature & Fiction,"Fantasy, Horror & Science Fiction",3.78,245,Oxford University Press,1958,"Escrita con una prosa elegante, esta obra es un referente en la literatura contemporánea."
101,How to Win Friends and Influence People (Premium Paperback),Dale Carnegie,9788692617963,Science & Technology,"Computing, Internet & Digital Media",Internet & Social Media,1.46,675,Vintage Books,1966,"Un clásico moderno que mezcla aventura, drama y crítica social de forma magistral."
102,How to Win Friends and Influence People,Dale Carnegie,9783773515850,Lifestyle & Leisure,"Health, Family & Personal Development",Personal Transformation,0.1,528,Vintage Books,2016,Un viaje apasionante a través de ideas que transforman la manera de ver el mundo.
103,How to Win Friends and Influence People : Original Edition | Premium Paperback,Dale Carnegie,9783171390051,Lifestyle & Leisure,"Health, Family & Personal Development",Self-Help,1.09,145,Bloomsbury Publishing,1988,"Narración brillante que combina suspense, emoción y reflexión filosófica."
104,How to Win Friends and Influence People,Dale Carnegie,9783183933520,Lifestyle & Leisure,"Health, Family & Personal Development",Self-Help,0.1,1049,Penguin Books,1957,Una novela que desafía convenciones y ofrece una perspectiva fresca y reveladora.
105,How to Win Friends and Influence People : Original Edition | Premium Paperback,Dale Carnegie,9782284210206,Education,Reference,"Words, Language & Grammar",1.09,806,Macmillan Publishers,1976,Imprescindible para cualquier amante de la lectura; una historia que perdura en la memoria.
106,How to Win Friends and Influence People : Original Edition | Premium Paperback,Dale Carnegie,9785024026813,Lifestyle & Leisure,"Health, Family & Personal Development",Personal Transformation,1.09,589,Simon & Schuster,1979,Repleta de personajes complejos y giros inesperados que no te dejarán soltar el libro.
107,"Harry Potter and the Deathly Hallows, Book 7",J.K. Rowling,9785891783909,Children & Young Adult,Children's Books,Growing Up & Facts of Life,17.59,871,Scholastic,1981,Un viaje apasionante a través de ideas que transforman la manera de ver el mundo.
108,"Harry Potter and the Deathly Hallows, Book 7",J.K. Rowling,9780076617712,Fiction,Literature & Fiction,"Fantasy, Horror & Science Fiction",17.59,945,Hachette Livre,2011,"Narración brillante que combina suspense, emoción y reflexión filosófica."
109,Harry Potter and the Deathly Hallows,J.K. Rowling,9782124998569,Fiction,"Fantasy, Horror & Science Fiction",Fantasy,3.45,897,Scholastic,2009,"Escrita con una prosa elegante, esta obra es un referente en la literatura contemporánea."
110,"Harry Potter and the Deathly Hallows, Book 7",J.K. Rowling,9787896118363,Fiction,"Fantasy, Horror & Science Fiction",Fantasy,17.59,280,Hachette Livre,1962,"Escrita con una prosa elegante, esta obra es un referente en la literatura contemporánea."
111,Harry Potter and the Deathly Hallows,J.K. Rowling,9785766156541,Fiction,Literature & Fiction,"Fantasy, Horror & Science Fiction",3.45,615,Oxford University Press,2018,"Escrita con una prosa elegante, esta obra es un referente en la literatura contemporánea."
112,Harry Potter and the Deathly Hallows,J.K. Rowling,9781111615281,Children & Young Adult,Children's Books,"Fantasy, Science Fiction & Horror",3.45,698,Simon & Schuster,1956,"Escrita con una prosa elegante, esta obra es un referente en la literatura contemporánea."
113,Harry Potter and the Cursed Child - Parts One and Two: The Official Playscript of the Original West End Production,J.K. Rowling,9788516560494,Fiction,"Fantasy, Horror & Science Fiction",Fantasy,2.73,716,Oxford University Press,1990,Un relato profundo y emotivo que explora la condición humana con maestría literaria.
114,Harry Potter and the Cursed Child - Parts One and Two: The Official Playscript of the Original West End Production,J.K. Rowling,9789832731580,Children & Young Adult,Children's Books,"Fantasy, Science Fiction & Horror",2.73,434,Hachette Livre,1959,Repleta de personajes complejos y giros inesperados que no te dejarán soltar el libro.
115,Harry Potter and the Cursed Child - Parts One and Two: The Official Playscript of the Original West End Production,J.K. Rowling,9789368998091,Fiction,Literature & Fiction,"Fantasy, Horror & Science Fiction",2.73,972,Hachette Livre,1975,Una obra maestra que redefine el género y cautiva al lector desde la primera página.
116,Harry Potter and the Cursed Child - Parts One and Two: The Official Playscript of the Original West End Production,J.K. Rowling,9784455022968,Lifestyle & Leisure,"Arts, Film & Photography",Theater & Ballet,2.73,740,Scholastic,2011,Repleta de personajes complejos y giros inesperados que no te dejarán soltar el libro.
117,Harry Potter and the Chamber of Secrets,J.K. Rowling,9781836675257,Children & Young Adult,Children's Books,"Fantasy, Science Fiction & Horror",3.28,365,Scholastic,1964,Un relato profundo y emotivo que explora la condición humana con maestría literaria.
118,Harry Potter and the Chamber of Secrets,J.K. Rowling,9789102290148,Children & Young Adult,Children's Books,"Fantasy, Science Fiction & Horror",4.29,488,HarperCollins,2006,Una novela que desafía convenciones y ofrece una perspectiva fresca y reveladora.
119,Harry Potter and the Chamber of Secrets,J.K. Rowling,9789764381569,Children & Young Adult,Children's Books,Fantasy,4.29,592,HarperCollins,1960,"Un clásico moderno que mezcla aventura, drama y crítica social de forma magistral."
120,Harry Potter and the Chamber of Secrets,J.K. Rowling,9787840369003,Fiction,Literature & Fiction,"Fantasy, Horror & Science Fiction",4.29,357,Bloomsbury Publishing,2010,Repleta de personajes complejos y giros inesperados que no te dejarán soltar el libro.
121,Harry Potter and the Chamber of Secrets,J.K. Rowling,9782445107623,Fiction,"Fantasy, Horror & Science Fiction",Fantasy,4.29,932,HarperCollins,1975,"Cautivadora desde el primer capítulo, con un desenlace que sorprende y conmueve."
122,Harry Potter and the Chamber of Secrets,J.K. Rowling,9783885160606,Fiction,"Fantasy, Horror & Science Fiction",Fantasy,3.28,488,Bloomsbury Publishing,1962,"Escrita con una prosa elegante, esta obra es un referente en la literatura contemporánea."
123,Harry Potter and the Chamber of Secrets,J.K. Rowling,9789696641605,Fiction,Literature & Fiction,"Fantasy, Horror & Science Fiction",3.28,696,Random House,2019,"Narración brillante que combina suspense, emoción y reflexión filosófica."
124,House of Earth and Blood: Enter the SENSATIONAL Crescent City series with this PAGE-TURNING bestseller,Sarah J. Maas,9787516136967,Fiction,Romance,Paranormal,3.07,704,Penguin Books,1977,Repleta de personajes complejos y giros inesperados que no te dejarán soltar el libro.
125,Man's Search For Meaning: The classic tribute to hope from the Holocaust,Victor E. Frankl,9784535218187,Non-Fiction,Society & Social Sciences,Society & Culture,2.27,255,Random House,2012,"Narración brillante que combina suspense, emoción y reflexión filosófica."
126,Man's Search For Meaning: The classic tribute to hope from the Holocaust,Viktor E Frankl,9785231243298,Non-Fiction,"Biographies, Diaries & True Accounts",True Accounts,1.7,688,Scholastic,1988,Una obra maestra que redefine el género y cautiva al lector desde la primera página.
127,Man's Search For Meaning: The classic tribute to hope from the Holocaust,Victor E. Frankl,9787799799557,Non-Fiction,"Biographies, Diaries & True Accounts",True Accounts,2.27,1024,HarperCollins,2022,"Un clásico moderno que mezcla aventura, drama y crítica social de forma magistral."
128,Man's Search For Meaning: The classic tribute to hope from the Holocaust,Victor E. Frankl,9787744905817,Lifestyle & Leisure,"Health, Family & Personal Development",Personal Transformation,2.27,1197,Random House,1951,Una obra maestra que redefine el género y cautiva al lector desde la primera página.
129,Man's Search For Meaning: The classic tribute to hope from the Holocaust,Victor E. Frankl,9780054119983,Fiction,Literature & Fiction,Classic Fiction,2.27,455,Simon & Schuster,2005,Un viaje apasionante a través de ideas que transforman la manera de ver el mundo.
130,The Boys In The Boat: An Epic Journey to the Heart of Hitler's Berlin,Daniel James Brown,9788079359785,Lifestyle & Leisure,Sports,Sporting Events & Organisations,3.08,849,Hachette Livre,1964,Un relato profundo y emotivo que explora la condición humana con maestría literaria.
131,The Boys in the Boat,Daniel James Brown,9781518203777,Lifestyle & Leisure,Sports,Sporting Events & Organisations,4.55,974,HarperCollins,2006,"Narración brillante que combina suspense, emoción y reflexión filosófica."
132,The Boys in the Boat: An Epic Journey to the Heart of Hitler's Berlin,Daniel James Brown,9782554665909,Lifestyle & Leisure,Sports,Sporting Events & Organisations,8.47,276,Penguin Books,1974,"Cautivadora desde el primer capítulo, con un desenlace que sorprende y conmueve."
133,"Tomorrow, and Tomorrow, and Tomorrow",Gabrielle Zevin,9781864492514,Science & Technology,"Computing, Internet & Digital Media",Programming & Software Development,3.42,363,Bloomsbury Publishing,2008,"Cautivadora desde el primer capítulo, con un desenlace que sorprende y conmueve."
134,"Tomorrow, and Tomorrow, and Tomorrow: A BBC RADIO 2 BOOK CLUB PICK FOR JULY 2022",Gabrielle Zevin,9784629148658,Science & Technology,"Computing, Internet & Digital Media",Programming & Software Development,5.49,1158,Hachette Livre,1950,"Un clásico moderno que mezcla aventura, drama y crítica social de forma magistral."
135,"Haunting Adeline: Cat and Mouse Duet, Book 1",H. D. Carlton,9786850542359,Fiction,"Fantasy, Horror & Science Fiction",Horror,9.2,985,Random House,1982,Imprescindible para cualquier amante de la lectura; una historia que perdura en la memoria.
136,Haunting Adeline (Cat and Mouse Duet Book 1),H. D.  Carlton,9782214188802,Fiction,Literature & Fiction,"Crime, Thriller & Mystery",1.64,721,Scholastic,2002,Una novela que desafía convenciones y ofrece una perspectiva fresca y reveladora.
137,Haunting Adeline (Cat and Mouse Duet Book 1),H. D.  Carlton,9789622292701,Fiction,Romance,Romantic Suspense,1.64,1111,Hachette Livre,1984,Una obra maestra que redefine el género y cautiva al lector desde la primera página.
138,Haunting Adeline (Cat and Mouse Duet Book 1),H. D.  Carlton,9787947383471,Fiction,Romance,Paranormal,1.64,812,Random House,2013,"Un clásico moderno que mezcla aventura, drama y crítica social de forma magistral."
139,Daisy Jones and The Six,Taylor Jenkins Reid,9787746886232,Lifestyle & Leisure,"Arts, Film & Photography",Music,3.67,1039,Scholastic,1972,Una obra maestra que redefine el género y cautiva al lector desde la primera página.
140,The Family Upstairs,Lisa Jewell,9780758181410,Fiction,"Crime, Thriller & Mystery",Thrillers and Suspense,3.93,805,Bloomsbury Publishing,1992,Una obra maestra que redefine el género y cautiva al lector desde la primera página.
141,The Power of Your Subconscious Mind,Joseph Murphy,9788261375062,Business & Law,Business & Economics,Economics,1.09,955,Bloomsbury Publishing,2014,"Narración brillante que combina suspense, emoción y reflexión filosófica."
142,THE POWER OF YOUR SUBCONSCIOUS MIND,Joseph Murphy,9785361530514,Fiction,Literature & Fiction,Classic Fiction,1.26,1035,Penguin Books,2011,"Escrita con una prosa elegante, esta obra es un referente en la literatura contemporánea."
143,THE POWER OF YOUR SUBCONSCIOUS MIND,Joseph Murphy,9780472779014,Lifestyle & Leisure,"Health, Family & Personal Development",Self-Help,1.26,941,Macmillan Publishers,2015,Un viaje apasionante a través de ideas que transforman la manera de ver el mundo.
144,The Power of Your Subconscious Mind: Original Edition | Premium Paperback,Joseph Murphy,9782898614343,Lifestyle & Leisure,"Health, Family & Personal Development",Self-Help,1.26,920,HarperCollins,1986,Una novela que desafía convenciones y ofrece una perspectiva fresca y reveladora.
145,The Power of Your Subconscious Mind,Joseph Murphy,9786971179800,Lifestyle & Leisure,"Health, Family & Personal Development",Self-Help,1.09,1024,Bloomsbury Publishing,1988,"Un clásico moderno que mezcla aventura, drama y crítica social de forma magistral."
146,The Power of Your Subconscious Mind: Original Edition | Premium Paperback,Joseph Murphy,9782460953969,Lifestyle & Leisure,"Health, Family & Personal Development",Personal Transformation,1.26,136,Macmillan Publishers,1983,Una obra maestra que redefine el género y cautiva al lector desde la primera página.
147,THE POWER OF YOUR SUBCONSCIOUS MIND,Joseph Murphy,9785188888065,Fiction,Literature & Fiction,Essays,1.26,134,Macmillan Publishers,2018,"Escrita con una prosa elegante, esta obra es un referente en la literatura contemporánea."
148,BURN AFTER WRITING,Sharon Jones,9785405153190,Education,"Language, Linguistics & Writing",Writing Guides,3.58,942,Scholastic,1981,"Un clásico moderno que mezcla aventura, drama y crítica social de forma magistral."
149,Things We Hide From The Light: the unforgettable sequel to global bestseller Things We Never Got Over (Knockemout Series),Lucy Score,9785852772210,Fiction,Romance,Western & Frontier,4.46,261,Oxford University Press,1993,"Un clásico moderno que mezcla aventura, drama y crítica social de forma magistral."
150,ANIMAL FARM,George Orwell,9783030548688,Fiction,Literature & Fiction,Classic Fiction,0.94,367,Vintage Books,1985,Imprescindible para cualquier amante de la lectura; una historia que perdura en la memoria.
151,"Mockingjay (Hunger Games Trilogy, Book 3)",Suzanne Collins,9783450541568,Children & Young Adult,Teen & Young Adult,Science Fiction & Fantasy,2.6,699,Oxford University Press,2021,"Un clásico moderno que mezcla aventura, drama y crítica social de forma magistral."
152,"The Hunger Games (Hunger Games Trilogy, Book 1)",Suzanne Collins,9785277584163,Children & Young Adult,Teen & Young Adult,Science Fiction & Fantasy,3.65,576,Vintage Books,2014,Una novela que desafía convenciones y ofrece una perspectiva fresca y reveladora.
153,Twisted Love: the must-read brother's best friend romance,Ana Huang,9782845115442,Fiction,Romance,Enemies to Lovers,2.09,1128,Random House,1989,Una obra maestra que redefine el género y cautiva al lector desde la primera página.
154,My First Library: Boxset of 10 Board Books for Kids,Wonder House Books,9782757059646,Children & Young Adult,Children's Books,Education & Reference,4.39,844,Random House,2006,Un viaje apasionante a través de ideas que transforman la manera de ver el mundo.
155,My First Library: Boxset of 10 Board Books for Kids,Wonder House Books,9785820297020,Children & Young Adult,Children's Books,Language Learning,4.39,340,Macmillan Publishers,1964,Un relato profundo y emotivo que explora la condición humana con maestría literaria.
156,My First Library: Boxset of 10 Board Books for Kids,Wonder House Books,9785690927557,Children & Young Adult,Children's Books,"Family, Personal & Social Issues",4.39,1192,Scholastic,1973,Repleta de personajes complejos y giros inesperados que no te dejarán soltar el libro.
157,Book Lovers,EMILY HENRY,9782856543101,Fiction,Romance,New Adult & College,2.79,680,Simon & Schuster,2012,Imprescindible para cualquier amante de la lectura; una historia que perdura en la memoria.
158,"Book Lovers: The Sunday Times bestselling enemies to lovers, laugh-out-loud romcom - a perfect summer holiday read",Emily Henry,9786814473941,Fiction,Romance,Holidays,2.65,189,Vintage Books,1950,Un viaje apasionante a través de ideas que transforman la manera de ver el mundo.
159,Book Lovers,EMILY HENRY,9782172715517,Fiction,Romance,Holidays,2.79,884,Oxford University Press,1990,Una novela que desafía convenciones y ofrece una perspectiva fresca y reveladora.
160,Harry Potter and the Prisoner of Azkaban,J.K. Rowling,9784225831328,Children & Young Adult,Children's Books,"Fantasy, Science Fiction & Horror",4.2,337,Scholastic,2015,Un relato profundo y emotivo que explora la condición humana con maestría literaria.
161,"Harry Potter and the Prisoner of Azkaban, Book 3",J.K. Rowling,9785895782911,Fiction,"Fantasy, Horror & Science Fiction",Fantasy,10.99,905,Vintage Books,2010,Un viaje apasionante a través de ideas que transforman la manera de ver el mundo.
162,Harry Potter and the Prisoner of Azkaban,J.K. Rowling,9787866912513,Fiction,Literature & Fiction,"Fantasy, Horror & Science Fiction",4.2,92,Macmillan Publishers,2013,Repleta de personajes complejos y giros inesperados que no te dejarán soltar el libro.
163,Harry Potter and the Prisoner of Azkaban,J.K. Rowling,9785289226809,Fiction,"Fantasy, Horror & Science Fiction",Fantasy,2.34,1027,Hachette Livre,1970,Un viaje apasionante a través de ideas que transforman la manera de ver el mundo.
164,Harry Potter and the Prisoner of Azkaban,J.K. Rowling,9784225358415,Fiction,"Fantasy, Horror & Science Fiction",Fantasy,4.2,1140,Hachette Livre,1972,"Cautivadora desde el primer capítulo, con un desenlace que sorprende y conmueve."
165,Harry Potter and the Prisoner of Azkaban,J.K. Rowling,9784249818290,Children & Young Adult,Children's Books,Fantasy,4.2,1022,Simon & Schuster,1958,"Cautivadora desde el primer capítulo, con un desenlace que sorprende y conmueve."
166,Harry Potter and the Prisoner of Azkaban,J.K. Rowling,9789959001090,Children & Young Adult,Children's Books,"Fantasy, Science Fiction & Horror",2.34,191,Oxford University Press,2005,Una obra maestra que redefine el género y cautiva al lector desde la primera página.
167,Harry Potter and the Prisoner of Azkaban,J.K. Rowling,9786907844735,Fiction,Literature & Fiction,"Fantasy, Horror & Science Fiction",2.34,253,Random House,1988,Una obra maestra que redefine el género y cautiva al lector desde la primera página.
168,"The Rosie Project (The Rosie Project Series, 1) [Paperback] Simsion, Graeme",Graeme Simsion,9781027677354,Fiction,Romance,Clean & Wholesome,3.76,192,Random House,1962,"Escrita con una prosa elegante, esta obra es un referente en la literatura contemporánea."
169,THINK AND GROW RICH (PB),Napoleon Hill,9785562588154,Children & Young Adult,Teen & Young Adult,Social & Family Issues,1.09,633,Scholastic,2006,Un viaje apasionante a través de ideas que transforman la manera de ver el mundo.
170,THINK AND GROW RICH (PB),Napoleon Hill,9784732104697,Lifestyle & Leisure,"Health, Family & Personal Development",Self-Help,1.09,299,Hachette Livre,1993,Un relato profundo y emotivo que explora la condición humana con maestría literaria.
171,THINK AND GROW RICH (PB),Napoleon Hill,9785953278776,Fiction,Literature & Fiction,Essays,1.09,762,Penguin Books,2018,"Narración brillante que combina suspense, emoción y reflexión filosófica."
172,Think and Grow Rich,Napoleon Hill,9781687339501,Business & Law,Business & Economics,Economics,1.83,279,Oxford University Press,1973,Una obra maestra que redefine el género y cautiva al lector desde la primera página.
173,Think & Grow Rich: Original Edition | Premium Paperback,Napoleon Hill,9789748016247,Business & Law,Business & Economics,Economics,1.09,675,Bloomsbury Publishing,1974,Un viaje apasionante a través de ideas que transforman la manera de ver el mundo.
174,THINK AND GROW RICH (PB),Napoleon Hill,9780609835842,Lifestyle & Leisure,"Health, Family & Personal Development",Personal Transformation,1.09,1066,Random House,1963,Una novela que desafía convenciones y ofrece una perspectiva fresca y reveladora.
175,Think & Grow Rich | Napoleon Hill | Hardcover | International Bestseller Book,Napoleon Hill,9787849912161,Business & Law,Business & Economics,Economics,0.0,758,Random House,1979,Imprescindible para cualquier amante de la lectura; una historia que perdura en la memoria.
176,THINK AND GROW RICH (PB),Napoleon Hill,9785239868008,Business & Law,Business & Economics,Economics,1.09,204,Hachette Livre,1977,"Escrita con una prosa elegante, esta obra es un referente en la literatura contemporánea."
177,Circe,Madeline Miller,9787872982592,Fiction,Literature & Fiction,"Myths, Legends & Sagas",3.56,328,HarperCollins,1989,Un viaje apasionante a través de ideas que transforman la manera de ver el mundo.
178,I Love You to the Moon and Back,Little Tiger Press,9789495888796,Children & Young Adult,Children's Books,Holidays & Celebrations,2.49,1126,Penguin Books,2014,Una novela que desafía convenciones y ofrece una perspectiva fresca y reveladora.
179,Harry Potter and the Half-Blood Prince,J.K. Rowling,9785516940978,Fiction,"Fantasy, Horror & Science Fiction",Fantasy,3.45,188,Macmillan Publishers,1989,"Escrita con una prosa elegante, esta obra es un referente en la literatura contemporánea."
180,Harry Potter and the Half-Blood Prince,J.K. Rowling,9783097289626,Fiction,Literature & Fiction,"Fantasy, Horror & Science Fiction",5.61,499,Simon & Schuster,1990,Una obra maestra que redefine el género y cautiva al lector desde la primera página.
181,Harry Potter and the Half-Blood Prince,J.K. Rowling,9781307562630,Fiction,Literature & Fiction,"Fantasy, Horror & Science Fiction",3.45,1137,Simon & Schuster,2017,Imprescindible para cualquier amante de la lectura; una historia que perdura en la memoria.
182,Harry Potter and the Half-Blood Prince,J.K. Rowling,9787028385787,Children & Young Adult,Children's Books,"Fantasy, Science Fiction & Horror",5.61,375,HarperCollins,2010,Imprescindible para cualquier amante de la lectura; una historia que perdura en la memoria.
183,Harry Potter and the Half-Blood Prince,J.K. Rowling,9787858549733,Children & Young Adult,Children's Books,"Fantasy, Science Fiction & Horror",3.45,1094,Scholastic,1963,"Cautivadora desde el primer capítulo, con un desenlace que sorprende y conmueve."
184,Harry Potter and the Half-Blood Prince,J.K. Rowling,9784344375756,Fiction,"Fantasy, Horror & Science Fiction",Fantasy,5.61,359,Hachette Livre,1988,Un viaje apasionante a través de ideas que transforman la manera de ver el mundo.
185,"Harry Potter and the Half-Blood Prince, Book 6",J.K. Rowling,9781986652403,Children & Young Adult,Children's Books,Growing Up & Facts of Life,17.59,537,Oxford University Press,1976,"Cautivadora desde el primer capítulo, con un desenlace que sorprende y conmueve."
186,Harry Potter and the Half-Blood Prince,J.K. Rowling,9787473384842,Children & Young Adult,Children's Books,Fantasy,5.61,396,HarperCollins,2023,"Narración brillante que combina suspense, emoción y reflexión filosófica."
187,Credence,Penelope Douglas,9789330833014,Fiction,Romance,New Adult & College,4.56,696,Penguin Books,1969,"Escrita con una prosa elegante, esta obra es un referente en la literatura contemporánea."
188,Malibu Rising,Taylor Jenkins Reid,9781208267739,Lifestyle & Leisure,"Arts, Film & Photography",Music,3.07,716,Vintage Books,1991,"Cautivadora desde el primer capítulo, con un desenlace que sorprende y conmueve."
189,12 Rules for Life : An Antidote to Chaos,Jordan B. Peterson,9780193802622,Lifestyle & Leisure,"Health, Family & Personal Development",Self-Help,3.09,93,Hachette Livre,1970,"Narración brillante que combina suspense, emoción y reflexión filosófica."
190,Dark Matter*,Blake Crouch,9782400499155,Fiction,"Crime, Thriller & Mystery",Thrillers and Suspense,4.08,1073,Vintage Books,1974,Un viaje apasionante a través de ideas que transforman la manera de ver el mundo.
191,Harry Potter and the Goblet of Fire,J.K. Rowling,9788728743150,Fiction,"Fantasy, Horror & Science Fiction",Fantasy,5.96,491,Random House,2000,"Narración brillante que combina suspense, emoción y reflexión filosófica."
192,"Harry Potter and the Goblet of Fire, Book 4",J.K. Rowling,9782054932967,Children & Young Adult,Children's Books,Growing Up & Facts of Life,17.59,314,HarperCollins,1971,"Escrita con una prosa elegante, esta obra es un referente en la literatura contemporánea."
193,Harry Potter and the Goblet of Fire,J.K. Rowling,9781612275300,Children & Young Adult,Children's Books,Fantasy,5.96,217,Oxford University Press,1970,Una obra maestra que redefine el género y cautiva al lector desde la primera página.
194,Harry Potter and the Goblet of Fire,J.K. Rowling,9787454990459,Fiction,"Fantasy, Horror & Science Fiction",Fantasy,3.45,80,Scholastic,1970,"Escrita con una prosa elegante, esta obra es un referente en la literatura contemporánea."
195,"Harry Potter and the Goblet of Fire, Book 4",J.K. Rowling,9787426841454,Fiction,"Fantasy, Horror & Science Fiction",Fantasy,17.59,393,Simon & Schuster,1991,"Escrita con una prosa elegante, esta obra es un referente en la literatura contemporánea."
196,Harry Potter and the Goblet of Fire,J.K. Rowling,9782727956877,Children & Young Adult,Children's Books,"Fantasy, Science Fiction & Horror",5.96,327,Oxford University Press,2016,"Escrita con una prosa elegante, esta obra es un referente en la literatura contemporánea."
197,Harry Potter and the Goblet of Fire,J.K. Rowling,9789187851915,Children & Young Adult,Children's Books,"Fantasy, Science Fiction & Horror",3.45,1144,Penguin Books,2010,"Narración brillante que combina suspense, emoción y reflexión filosófica."
198,Harry Potter and the Goblet of Fire,J.K. Rowling,9783982258710,Fiction,Literature & Fiction,"Fantasy, Horror & Science Fiction",5.96,278,Simon & Schuster,2003,Un viaje apasionante a través de ideas que transforman la manera de ver el mundo.
199,Harry Potter and the Goblet of Fire,J.K. Rowling,9781870728671,Fiction,Literature & Fiction,"Fantasy, Horror & Science Fiction",3.45,586,Macmillan Publishers,1984,Repleta de personajes complejos y giros inesperados que no te dejarán soltar el libro.
200,"Harry Potter and the Goblet of Fire, Book 4",J.K. Rowling,9787406403917,Fiction,Literature & Fiction,"Fantasy, Horror & Science Fiction",17.59,498,Macmillan Publishers,1979,"Narración brillante que combina suspense, emoción y reflexión filosófica."
201,We Were Liars,Emily Lockhart,9781801704624,Children & Young Adult,Teen & Young Adult,Romance,2.49,292,Bloomsbury Publishing,1983,"Cautivadora desde el primer capítulo, con un desenlace que sorprende y conmueve."
202,The Stopover (The Miles High Club Book 1),T L Swan,9786766182514,Fiction,Romance,Workplace Romance,1.42,1050,Vintage Books,2010,Una obra maestra que redefine el género y cautiva al lector desde la primera página.
203,The Stopover (The Miles High Club Book 1),T L Swan,9788230047865,Fiction,Romance,New Adult & College,1.42,130,Macmillan Publishers,1988,"Escrita con una prosa elegante, esta obra es un referente en la literatura contemporánea."
204,Hunting Adeline (Cat and Mouse Duet Book 2),H. D.  Carlton,9783752431069,Fiction,Romance,Romantic Suspense,2.6,1115,Oxford University Press,1997,Una obra maestra que redefine el género y cautiva al lector desde la primera página.
205,Happy Place,EMILY HENRY,9783119079036,Fiction,Romance,New Adult & College,4.99,988,Vintage Books,1968,Repleta de personajes complejos y giros inesperados que no te dejarán soltar el libro.
206,"Harry Potter and the Order of the Phoenix, Book 5",J.K. Rowling,9783830284391,Fiction,Literature & Fiction,"Fantasy, Horror & Science Fiction",17.59,880,Bloomsbury Publishing,1989,Imprescindible para cualquier amante de la lectura; una historia que perdura en la memoria.
207,Harry Potter and the Order of the Phoenix,J.K. Rowling,9785342836442,Children & Young Adult,Children's Books,"Fantasy, Science Fiction & Horror",3.45,193,Macmillan Publishers,1992,Un viaje apasionante a través de ideas que transforman la manera de ver el mundo.
208,Harry Potter and the Order of the Phoenix,J.K. Rowling,9782687056851,Fiction,Literature & Fiction,"Fantasy, Horror & Science Fiction",3.45,329,Scholastic,1995,Un relato profundo y emotivo que explora la condición humana con maestría literaria.
209,HARRY POTTER AND THE ORDER OF THE PHOENIX - 5,J.K. Rowling,9784628733424,Children & Young Adult,Children's Books,"Fantasy, Science Fiction & Horror",6.72,694,Scholastic,1990,Un relato profundo y emotivo que explora la condición humana con maestría literaria.
210,"Harry Potter and the Order of the Phoenix, Book 5",J.K. Rowling,9786688263439,Children & Young Adult,Children's Books,"Fantasy, Science Fiction & Horror",17.59,908,Simon & Schuster,2007,Un relato profundo y emotivo que explora la condición humana con maestría literaria.
211,Harry Potter and the Order of the Phoenix,J.K. Rowling,9785183046991,Fiction,"Fantasy, Horror & Science Fiction",Fantasy,3.45,1070,HarperCollins,1989,Imprescindible para cualquier amante de la lectura; una historia que perdura en la memoria.
212,HARRY POTTER AND THE ORDER OF THE PHOENIX - 5,J.K. Rowling,9789837354037,Fiction,Literature & Fiction,"Fantasy, Horror & Science Fiction",6.72,456,Vintage Books,2004,Repleta de personajes complejos y giros inesperados que no te dejarán soltar el libro.
213,"Harry Potter and the Order of the Phoenix, Book 5",J.K. Rowling,9783936385465,Children & Young Adult,Children's Books,Growing Up & Facts of Life,17.59,561,Random House,2022,Un relato profundo y emotivo que explora la condición humana con maestría literaria.
214,"Harry Potter and the Order of the Phoenix, Book 5",J.K. Rowling,9784458771751,Fiction,"Fantasy, Horror & Science Fiction",Fantasy,17.59,1199,HarperCollins,2000,Imprescindible para cualquier amante de la lectura; una historia que perdura en la memoria.
215,HARRY POTTER AND THE ORDER OF THE PHOENIX - 5,J.K. Rowling,9786093204892,Fiction,"Fantasy, Horror & Science Fiction",Fantasy,6.72,613,Simon & Schuster,2003,"Un clásico moderno que mezcla aventura, drama y crítica social de forma magistral."
216,Anxious People,Fredrik Backman,9782353693780,Fiction,Literature & Fiction,"Crime, Thriller & Mystery",3.96,979,Macmillan Publishers,1950,Una novela que desafía convenciones y ofrece una perspectiva fresca y reveladora.
217,Anxious People,Fredrik Backman,9787725228728,Fiction,Literature & Fiction,Humour,3.96,332,Random House,2001,Imprescindible para cualquier amante de la lectura; una historia que perdura en la memoria.
218,"Anxious People: The No. 1 New York Times bestseller, now a Netflix TV Series",Fredrik Backman,9780100623120,Fiction,Literature & Fiction,Humour,2.4,965,Macmillan Publishers,1957,"Narración brillante que combina suspense, emoción y reflexión filosófica."
219,Icebreaker,HANNAH GRACE,9787509977004,Lifestyle & Leisure,Sports,Winter Sports,3.41,379,Vintage Books,2002,"Escrita con una prosa elegante, esta obra es un referente en la literatura contemporánea."
220,Beach Read,EMILY HENRY,9780084840860,Fiction,Romance,Holidays,3.08,124,HarperCollins,1995,"Narración brillante que combina suspense, emoción y reflexión filosófica."
221,"Catching Fire (Hunger Games Trilogy, Book 2)",Suzanne Collins,9788233984544,Children & Young Adult,Teen & Young Adult,Science Fiction & Fantasy,3.33,458,Random House,1967,"Un clásico moderno que mezcla aventura, drama y crítica social de forma magistral."
222,"Too Late: The darkest thriller of the year, from the global bestseller: A dark and twisty thriller from the author of global phenomenon VERITY",Colleen Hoover,9786793341016,Fiction,"Crime, Thriller & Mystery",Thrillers and Suspense,3.67,370,Scholastic,2008,"Narración brillante que combina suspense, emoción y reflexión filosófica."
223,The Serpent and the Wings of Night (Crowns of Nyaxia Book 1),Carissa Broadbent,9788700217654,Fiction,"Fantasy, Horror & Science Fiction",Fantasy,4.58,572,Vintage Books,1985,"Narración brillante que combina suspense, emoción y reflexión filosófica."
224,Things We Left Behind: the heart-pounding new book from the bestselling author of Things We Never Got Over (Knockemout Series),Lucy Score,9780339740142,Fiction,Romance,Western & Frontier,4.28,429,Bloomsbury Publishing,1952,"Cautivadora desde el primer capítulo, con un desenlace que sorprende y conmueve."
225,The Psychology of Money,Morgan Housel,9782503926142,Business & Law,Business & Economics,Analysis & Strategy,3.02,1127,Oxford University Press,1975,"Narración brillante que combina suspense, emoción y reflexión filosófica."
226,The Psychology of Money,Morgan Housel,9789685621859,Business & Law,Business & Economics,Analysis & Strategy,1.92,1199,Vintage Books,1976,Un relato profundo y emotivo que explora la condición humana con maestría literaria.
227,The Psychology of Money,Morgan Housel,9783159996505,Lifestyle & Leisure,"Health, Family & Personal Development",Personal Transformation,3.02,490,Vintage Books,1982,Un relato profundo y emotivo que explora la condición humana con maestría literaria.
228,The Psychology of Money – Deluxe Edition,Morgan Housel,9783586629616,Business & Law,Business & Economics,Analysis & Strategy,4.39,1055,Vintage Books,1987,"Escrita con una prosa elegante, esta obra es un referente en la literatura contemporánea."
229,"The Psychology of Money: Timeless Lessons on Wealth, Greed, and Happiness",Morgan Housel,9781142626554,Lifestyle & Leisure,"Health, Family & Personal Development",Personal Transformation,7.35,1063,Macmillan Publishers,1997,Un viaje apasionante a través de ideas que transforman la manera de ver el mundo.
230,"The Psychology of Money: Timeless Lessons on Wealth, Greed, and Happiness",Morgan Housel,9784754121265,Business & Law,Business & Economics,Analysis & Strategy,7.35,673,Vintage Books,1953,Un relato profundo y emotivo que explora la condición humana con maestría literaria.
231,Shoe Dog,Phil Knight,9788610158197,Business & Law,Business & Economics,Analysis & Strategy,3.53,672,Hachette Livre,1991,"Un clásico moderno que mezcla aventura, drama y crítica social de forma magistral."
232,Shoe Dog,Phil Knight,9780466183983,Non-Fiction,"Biographies, Diaries & True Accounts",Biographies & Autobiographies,3.53,284,Simon & Schuster,2004,Repleta de personajes complejos y giros inesperados que no te dejarán soltar el libro.
233,Shoe Dog,Phil Knight,9782444721264,Business & Law,Business & Economics,Industries,3.53,1089,Random House,1998,Un viaje apasionante a través de ideas que transforman la manera de ver el mundo.
234,Shoe Dog,Phil Knight,9787154379932,Non-Fiction,History,Biographies & Autobiographies,3.53,832,Penguin Books,1991,Imprescindible para cualquier amante de la lectura; una historia que perdura en la memoria.
235,The Power of Now: A Guide to Spiritual Enlightenment,Eckhart Tolle,9784065965754,Non-Fiction,Religion,New Age & Spirituality,7.72,643,Simon & Schuster,2021,"Un clásico moderno que mezcla aventura, drama y crítica social de forma magistral."
236,"The Life-Changing Magic of Tidying: A simple, effective way to banish clutter forever",Marie Kondo,9784593752650,Lifestyle & Leisure,"Crafts, Home & Lifestyle",Home & House Maintenance,2.92,881,Simon & Schuster,2021,Una obra maestra que redefine el género y cautiva al lector desde la primera página.
237,The Covenant of Water: An Oprah's Book Club Selection,Abraham Verghese,9783564651931,Fiction,Literature & Fiction,"Myths, Legends & Sagas",5.74,870,HarperCollins,1975,Repleta de personajes complejos y giros inesperados que no te dejarán soltar el libro.
238,The Takeover (The Miles High Club Book 2),T L Swan,9788073741672,Fiction,Romance,New Adult & College,1.42,299,Vintage Books,1977,Repleta de personajes complejos y giros inesperados que no te dejarán soltar el libro.
239,The Takeover (The Miles High Club Book 2),T L Swan,9784266179795,Fiction,Romance,Workplace Romance,1.42,1030,Random House,2014,Un relato profundo y emotivo que explora la condición humana con maestría literaria.
240,The Perfect Son: A gripping psychological thriller with a breathtaking twist,Freida McFadden,9786805891139,Fiction,"Crime, Thriller & Mystery",Thrillers and Suspense,3.64,933,Random House,2006,Un relato profundo y emotivo que explora la condición humana con maestría literaria.
241,"THE LOVE HYPOTHESIS: The Tiktok sensation and romcom of the year! [Paperback] Hazelwood, Ali",Ali Hazelwood,9780965610145,Fiction,Romance,Science Fiction,2.64,950,Random House,1985,Un viaje apasionante a través de ideas que transforman la manera de ver el mundo.
242,The Casanova (The Miles High Club Book 3),T L Swan,9788993756798,Fiction,Romance,Workplace Romance,1.42,383,Hachette Livre,1963,Una obra maestra que redefine el género y cautiva al lector desde la primera página.
243,The Casanova (The Miles High Club Book 3),T L Swan,9780714611257,Fiction,Romance,New Adult & College,1.42,137,Penguin Books,1959,"Escrita con una prosa elegante, esta obra es un referente en la literatura contemporánea."
244,Ikigai: The Japanese Secret to a Long and Happy Life,Héctor García,9783875717751,Lifestyle & Leisure,"Health, Family & Personal Development",Self-Help,6.76,660,Oxford University Press,1981,Imprescindible para cualquier amante de la lectura; una historia que perdura en la memoria.
245,Ikigai,Francesc Miralles,9781051238283,Lifestyle & Leisure,"Health, Family & Personal Development",Self-Help,4.05,1016,HarperCollins,1970,Un relato profundo y emotivo que explora la condición humana con maestría literaria.
246,Ikigai: The Japanese Secret to a Long and Happy Life,Héctor García,9786736226609,Lifestyle & Leisure,"Health, Family & Personal Development",Personal Transformation,6.76,326,Penguin Books,1991,Un relato profundo y emotivo que explora la condición humana con maestría literaria.
247,Ikigai,Francesc Miralles,9789660334192,Lifestyle & Leisure,"Health, Family & Personal Development",Personal Transformation,4.05,877,Random House,2011,Un viaje apasionante a través de ideas que transforman la manera de ver el mundo.
248,Ikigai,Francesc Miralles,9785537147857,Non-Fiction,Religion,New Age & Spirituality,4.05,102,Scholastic,2010,"Escrita con una prosa elegante, esta obra es un referente en la literatura contemporánea."
249,Ikigai: The Japanese Secret to a Long and Happy Life,Héctor García,9786915579247,Non-Fiction,Religion,New Age & Spirituality,6.76,700,Hachette Livre,1955,"Cautivadora desde el primer capítulo, con un desenlace que sorprende y conmueve."
250,People We Meet On Vacation,none,9782513412529,Fiction,Romance,Holidays,3.67,149,Bloomsbury Publishing,1999,Una novela que desafía convenciones y ofrece una perspectiva fresca y reveladora.
251,Percy Jackson and the Lightning Thief (Book 1),Rick Riordan,9789296627826,Children & Young Adult,Children's Books,"Fairy Tales, Folk Tales & Myths",3.17,990,Hachette Livre,2012,Repleta de personajes complejos y giros inesperados que no te dejarán soltar el libro.
252,Percy Jackson and the Lightning Thief (Book 1),Rick Riordan,9784225790502,Children & Young Adult,Children's Books,Fantasy,3.17,167,Oxford University Press,1981,Imprescindible para cualquier amante de la lectura; una historia que perdura en la memoria.
253,Percy Jackson and the Lightning Thief (Book 1),Rick Riordan,9786887676776,Children & Young Adult,Children's Books,"Fantasy, Science Fiction & Horror",3.17,806,Macmillan Publishers,1985,Repleta de personajes complejos y giros inesperados que no te dejarán soltar el libro.
254,Percy Jackson and the Lightning Thief (Book 1),Rick Riordan,9780340438421,Children & Young Adult,Children's Books,Mysteries & Curiosities,3.17,365,Scholastic,1998,"Cautivadora desde el primer capítulo, con un desenlace que sorprende y conmueve."
255,Corrupt (Devil's Night Book 1),Penelope Douglas,9788819148585,Fiction,Romance,New Adult & College,3.65,1038,HarperCollins,1957,Una obra maestra que redefine el género y cautiva al lector desde la primera página.
256,The Kite Runner,Khaled Hosseini,9783613407458,Lifestyle & Leisure,"Arts, Film & Photography",Cinema & Broadcast,1.93,1018,Simon & Schuster,1962,"Un clásico moderno que mezcla aventura, drama y crítica social de forma magistral."
257,"A Good Girl's Guide to Murder: TikTok made me buy it! The first book in the bestselling thriller trilogy, soon to be a major TV series starring Emma Myers ... (A Good Girl’s Guide to Murder, Book 1)",Holly Jackson,9783395962924,Children & Young Adult,Teen & Young Adult,Romance,3.59,647,Scholastic,1957,Un viaje apasionante a través de ideas que transforman la manera de ver el mundo.
258,The Good Girl's Guide to Murder: Book 1 (A Good Girl?s Guide to Murder) (A Good Girl?s Guide to Murder),Holly Jackson,9789584982549,Fiction,Literature & Fiction,Classic Fiction,3.67,98,Bloomsbury Publishing,1993,Un viaje apasionante a través de ideas que transforman la manera de ver el mundo.
259,Bridgerton: The Duke and I (Bridgertons Book 1),Julia Quinn,9788126042236,Fiction,Romance,Holidays,3.54,404,Bloomsbury Publishing,1985,Una novela que desafía convenciones y ofrece una perspectiva fresca y reveladora.
260,The House in the Cerulean Sea: TikTok made me buy it!,Travis Klune,9786729466711,Fiction,Romance,Paranormal,4.05,812,Bloomsbury Publishing,2018,Una obra maestra que redefine el género y cautiva al lector desde la primera página.
261,The House in the Cerulean Sea: TikTok made me buy it!,Travis Klune,9784577590171,Fiction,Romance,Clean & Wholesome,4.05,1105,Hachette Livre,1997,"Cautivadora desde el primer capítulo, con un desenlace que sorprende y conmueve."
262,Dog Man 9: Grime and Punishment,Dav Pilkey,9786363745450,Children & Young Adult,Teen & Young Adult,Social & Family Issues,4.89,1110,Oxford University Press,2006,Una obra maestra que redefine el género y cautiva al lector desde la primera página.
263,A Thousand Splendid Suns,Khaled Hosseini,9789750017010,Non-Fiction,Society & Social Sciences,Society & Culture,4.39,511,Macmillan Publishers,1986,Imprescindible para cualquier amante de la lectura; una historia que perdura en la memoria.
264,"Flawless: The must-read, small-town romance and TikTok bestseller! (Chestnut Springs)",Elsie Silver,9780632424153,Fiction,Romance,Western & Frontier,5.1,794,Scholastic,1964,Una novela que desafía convenciones y ofrece una perspectiva fresca y reveladora.
265,"Flawless: The must-read, small-town romance and TikTok bestseller! (Chestnut Springs Book 1)",Elsie Silver,9782064361106,Fiction,Romance,Western & Frontier,2.66,1155,Oxford University Press,2010,"Narración brillante que combina suspense, emoción y reflexión filosófica."
266,"Flawless: The must-read, small-town romance and TikTok bestseller! (Chestnut Springs Book 1)",Elsie Silver,9782938700510,Fiction,Romance,Small Town Romance,2.66,879,Scholastic,1967,Imprescindible para cualquier amante de la lectura; una historia que perdura en la memoria.
267,"Flawless: The must-read, small-town romance and TikTok bestseller! (Chestnut Springs Book 1)",Elsie Silver,9781361115545,Fiction,Romance,Enemies to Lovers,2.66,1130,HarperCollins,1959,Una novela que desafía convenciones y ofrece una perspectiva fresca y reveladora.
268,"Flawless: The must-read, small-town romance and TikTok bestseller! (Chestnut Springs Book 1)",Elsie Silver,9782189092756,Fiction,Romance,Alpha Male,2.66,208,Vintage Books,1991,Repleta de personajes complejos y giros inesperados que no te dejarán soltar el libro.
269,"The Intelligent Investor, Rev. Ed: The Definitive Book on Value Investing",Benjamin Graham,9789731121967,Business & Law,Business & Economics,Analysis & Strategy,3.11,437,Simon & Schuster,2002,Un viaje apasionante a través de ideas que transforman la manera de ver el mundo.
270,The Intelligent Investor (English) Paperback – 2013,Benjamin Graham,9782341389996,Business & Law,Business & Economics,Economics,6.39,390,Random House,1969,Una obra maestra que redefine el género y cautiva al lector desde la primera página.
271,The Intelligent Investor Rev Ed.,Benjamin Graham,9783898364032,Business & Law,Business & Economics,Analysis & Strategy,24.13,800,Macmillan Publishers,1969,"Escrita con una prosa elegante, esta obra es un referente en la literatura contemporánea."
272,The Intelligent Investor (English) Paperback – 2013,Benjamin Graham,9783791805529,Business & Law,Business & Economics,Analysis & Strategy,6.39,774,Random House,1988,"Escrita con una prosa elegante, esta obra es un referente en la literatura contemporánea."
273,Lord of the Flies,William Golding,9785827109100,Children & Young Adult,Children's Books,Crime & Thriller,2.85,1021,Bloomsbury Publishing,2023,Imprescindible para cualquier amante de la lectura; una historia que perdura en la memoria.
274,Goodnight Moon,Margaret Wise Brown,9780684866612,Children & Young Adult,Children's Books,Animals & Pets,2.97,366,Scholastic,1975,"Narración brillante que combina suspense, emoción y reflexión filosófica."
275,Lord of the Flies,William Golding,9782414183283,Children & Young Adult,Teen & Young Adult,Social & Family Issues,2.85,650,Hachette Livre,2021,"Un clásico moderno que mezcla aventura, drama y crítica social de forma magistral."
276,"Heartless: The must-read, small-town romance and TikTok bestseller! (Chestnut Springs Book 2)",Elsie Silver,9781463031616,Fiction,Romance,Alpha Male,2.6,700,Hachette Livre,1961,Un relato profundo y emotivo que explora la condición humana con maestría literaria.
277,"Heartless: The must-read, small-town romance and TikTok bestseller! (Chestnut Springs Book 2)",Elsie Silver,9780421020277,Fiction,Romance,Western & Frontier,2.6,886,Macmillan Publishers,2006,Un viaje apasionante a través de ideas que transforman la manera de ver el mundo.
278,"Red Notice : A True Story of Corruption, Murder and how I became Putin’s no. 1 enemy",Bill Browder,9784252410568,Non-Fiction,Politics,Freedom & Security,4.47,219,HarperCollins,1981,Imprescindible para cualquier amante de la lectura; una historia que perdura en la memoria.
279,"Red Notice : A True Story of Corruption, Murder and how I became Putin’s no. 1 enemy",Bill Browder,9784917785070,Non-Fiction,Politics,International Relations & Globalization,4.47,1070,Scholastic,1991,Un viaje apasionante a través de ideas que transforman la manera de ver el mundo.
280,The Echo of Old Books: A Novel,Barbara Davis,9782419138007,Fiction,Romance,Later in Life,1.42,851,Bloomsbury Publishing,2023,Una novela que desafía convenciones y ofrece una perspectiva fresca y reveladora.
281,The Sweetest Oblivion (Made Book 1),Danielle Lori,9787562208639,Fiction,Literature & Fiction,"Crime, Thriller & Mystery",3.21,1046,Oxford University Press,2019,Repleta de personajes complejos y giros inesperados que no te dejarán soltar el libro.
282,"Night Circus, The",Erin Morgenstern,9785419518020,Fiction,Romance,Paranormal,3.73,449,Random House,1983,Una obra maestra que redefine el género y cautiva al lector desde la primera página.
283,"Night Circus, The",Erin Morgenstern,9786174451877,Fiction,"Fantasy, Horror & Science Fiction",Horror,3.73,1118,Penguin Books,2021,Repleta de personajes complejos y giros inesperados que no te dejarán soltar el libro.
284,THE SHINING (REISSUE),Stephen King,9784949375979,Fiction,"Fantasy, Horror & Science Fiction",Horror,4.07,1156,Oxford University Press,2017,Un relato profundo y emotivo que explora la condición humana con maestría literaria.
285,"Caste: The International Bestseller [Paperback] Wilkerson, Isabel",Isabel Wilkerson,9782060385057,Non-Fiction,Politics,Political Ideologies,6.13,610,Hachette Livre,1987,Un viaje apasionante a través de ideas que transforman la manera de ver el mundo.
286,The Blood of Olympus (Heroes of Olympus Book 5),Rick Riordan,9781383670244,Children & Young Adult,Children's Books,Fantasy,3.08,345,Oxford University Press,1952,"Cautivadora desde el primer capítulo, con un desenlace que sorprende y conmueve."
287,Maybe You Should Talk To Someone,Lori Gottlieb,9788657191827,Education,Higher Education Textbooks,Social Sciences,5.25,743,Bloomsbury Publishing,1967,"Un clásico moderno que mezcla aventura, drama y crítica social de forma magistral."
288,Does It Hurt?: An Enemies to Lovers Romance,H. D. Carlton,9789062344568,Fiction,Romance,Enemies to Lovers,4.55,792,Simon & Schuster,1958,"Narración brillante que combina suspense, emoción y reflexión filosófica."
289,"Divine Rivals: The stunning YA romance fantasy Sunday Times number 1 bestseller (Letters of Enchantment, Book 1)",Rebecca Ross,9784313291216,Fiction,Romance,Clean & Wholesome,5.39,906,Vintage Books,1990,"Un clásico moderno que mezcla aventura, drama y crítica social de forma magistral."
290,Divine Rivals: The stunning YA romance fantasy Sunday Times number 1 bestseller: Book 1 (Letters of Enchantment),Rebecca Ross,9785618537476,Fiction,Romance,Clean & Wholesome,5.53,218,Scholastic,1996,Imprescindible para cualquier amante de la lectura; una historia que perdura en la memoria.
291,The Cruel Prince (The Folk of the Air),Holly Black,9782490352136,Fiction,Literature & Fiction,"Fantasy, Horror & Science Fiction",3.42,172,Simon & Schuster,2007,Imprescindible para cualquier amante de la lectura; una historia que perdura en la memoria.
292,The Cruel Prince (The Folk of the Air),Holly Black,9780442067880,Children & Young Adult,Teen & Young Adult,Science Fiction & Fantasy,3.42,140,Bloomsbury Publishing,1977,"Un clásico moderno que mezcla aventura, drama y crítica social de forma magistral."
293,The Cruel Prince (The Folk of the Air),Holly Black,9781210032363,Children & Young Adult,Teen & Young Adult,Science Fiction & Fantasy,3.56,405,Oxford University Press,1973,Una novela que desafía convenciones y ofrece una perspectiva fresca y reveladora.
294,The Cruel Prince (The Folk of the Air),Holly Black,9789410137218,Children & Young Adult,Teen & Young Adult,Social & Family Issues,3.56,554,Random House,1991,Una obra maestra que redefine el género y cautiva al lector desde la primera página.
295,The Cruel Prince (The Folk of the Air),Holly Black,9787029667062,Fiction,"Fantasy, Horror & Science Fiction",Fantasy,3.42,277,Penguin Books,2009,Un relato profundo y emotivo que explora la condición humana con maestría literaria.
296,One Of Us Is Lying,Karen McManus,9783244720994,Children & Young Adult,Teen & Young Adult,Romance,2.66,297,Simon & Schuster,1979,Un relato profundo y emotivo que explora la condición humana con maestría literaria.
297,One Of Us Is Lying,Karen McManus,9787687014624,Children & Young Adult,Children's Books,Mysteries & Curiosities,2.66,1102,Hachette Livre,2008,"Escrita con una prosa elegante, esta obra es un referente en la literatura contemporánea."
298,One Of Us Is Lying,Karen McManus,9783806578755,Children & Young Adult,Children's Books,Growing Up & Facts of Life,2.66,1055,Oxford University Press,1996,"Un clásico moderno que mezcla aventura, drama y crítica social de forma magistral."
299,One Of Us Is Lying,Karen McManus,9786420593040,Children & Young Adult,Children's Books,Crime & Thriller,2.66,742,Scholastic,1992,"Un clásico moderno que mezcla aventura, drama y crítica social de forma magistral."
300,The Spanish Love Deception: TikTok made me buy it! The Goodreads Choice Awards Debut of the Year,Elena Armas,9785932133486,Fiction,Romance,Clean & Wholesome,2.66,554,Simon & Schuster,1975,Una obra maestra que redefine el género y cautiva al lector desde la primera página.
301,The Spanish Love Deception: TikTok made me buy it! The Goodreads Choice Awards Debut of the Year,Elena Armas,9786522395590,Fiction,Romance,Multicultural & Interracial,2.66,564,Penguin Books,1983,"Cautivadora desde el primer capítulo, con un desenlace que sorprende y conmueve."
302,Never Split the Difference : Negotiating as if Your Life Depended on It,Chris Voss,9789293784278,Business & Law,Business & Economics,Analysis & Strategy,3.58,295,Vintage Books,1982,Imprescindible para cualquier amante de la lectura; una historia que perdura en la memoria.
303,SHADOW AND BONE (B PB) : THE GRISHA BOOK 1,Leigh Bardugo,9783930870598,Children & Young Adult,Children's Books,Historical Fiction,4.54,436,Macmillan Publishers,1952,Una novela que desafía convenciones y ofrece una perspectiva fresca y reveladora.
304,The Three-Body Problem: Soon to be a major Netflix series: 1,Cixin Liu,9782500292180,Fiction,Literature & Fiction,"Fantasy, Horror & Science Fiction",4.5,866,Oxford University Press,1967,Una novela que desafía convenciones y ofrece una perspectiva fresca y reveladora.
305,"One, The: Now a major Netflix series!",John Marrs,9786915452266,Fiction,Romance,Science Fiction,3.05,940,HarperCollins,1965,Una obra maestra que redefine el género y cautiva al lector desde la primera página.
306,"Old Man and the Sea, The (L)",Ernest Hemingway,9788953926446,Children & Young Adult,Children's Books,Mysteries & Curiosities,1.07,211,Oxford University Press,2002,Imprescindible para cualquier amante de la lectura; una historia que perdura en la memoria.
307,SECRET,BYRNE RHONDA,9789690295931,Non-Fiction,Religion,New Age & Spirituality,8.15,206,Macmillan Publishers,2004,Un relato profundo y emotivo que explora la condición humana con maestría literaria.
308,The Summer I Turned Pretty : TV Tie-in,Jenny Han,9782513552150,Children & Young Adult,Teen & Young Adult,Social & Family Issues,3.18,592,Scholastic,2000,Un viaje apasionante a través de ideas que transforman la manera de ver el mundo.
309,The Summer I Turned Pretty : TV Tie-in,Jenny Han,9783315410066,Children & Young Adult,Teen & Young Adult,Romance,3.18,314,Penguin Books,2012,Una obra maestra que redefine el género y cautiva al lector desde la primera página.
310,They Both Die at the End,Adam Silvera,9786765861793,Children & Young Adult,Children's Books,Humour,2.85,156,Vintage Books,1956,"Escrita con una prosa elegante, esta obra es un referente en la literatura contemporánea."
311,They Both Die at the End,Adam Silvera,9781040541151,Children & Young Adult,Children's Books,Computers & Technology,2.85,229,Macmillan Publishers,2017,Una obra maestra que redefine el género y cautiva al lector desde la primera página.
312,House of Flame and Shadow: The INTERNATIONAL BESTSELLER and the SMOULDERING third instalment in the Crescent City series,Sarah J. Maas,9781815997067,Fiction,Romance,Paranormal,3.46,984,Penguin Books,1957,"Cautivadora desde el primer capítulo, con un desenlace que sorprende y conmueve."
313,The Do-Over (The Miles High Club Book 4),T L Swan,9782015336884,Fiction,Romance,New Adult & College,1.42,846,Macmillan Publishers,2015,Una obra maestra que redefine el género y cautiva al lector desde la primera página.
314,The Do-Over (The Miles High Club Book 4),T L Swan,9783106987207,Fiction,Romance,Workplace Romance,1.42,140,Hachette Livre,1997,"Escrita con una prosa elegante, esta obra es un referente en la literatura contemporánea."
315,Secret History,Donna Tartt,9781497310326,Fiction,"Crime, Thriller & Mystery",Thrillers and Suspense,5.17,436,Bloomsbury Publishing,1952,"Cautivadora desde el primer capítulo, con un desenlace que sorprende y conmueve."
316,The Queen of Nothing (The Folk of the Air #3),Holly Black,9781467741861,Children & Young Adult,Teen & Young Adult,Science Fiction & Fantasy,3.5,737,Penguin Books,2022,Un relato profundo y emotivo que explora la condición humana con maestría literaria.
317,A Christmas Carol by Charles Dickens - A Timeless Holiday Classic | Love and Compassion | A Gripping Story of Redemption and Forgiveness | Victorian England | A Masterpiece on Generosity and Empathy | Classic Literature,Charles Dickens,9785270477434,Fiction,Literature & Fiction,Humour,1.01,300,Macmillan Publishers,2005,Un viaje apasionante a través de ideas que transforman la manera de ver el mundo.
318,Six of Crows: Crooked Kingdom,Leigh Bardugo,9782115869387,Children & Young Adult,Teen & Young Adult,Romance,4.27,1000,Macmillan Publishers,1954,Una obra maestra que redefine el género y cautiva al lector desde la primera página.
319,Six of Crows: Crooked Kingdom,Leigh Bardugo,9786879374164,Children & Young Adult,Children's Books,Fantasy,4.27,853,Penguin Books,2014,"Cautivadora desde el primer capítulo, con un desenlace que sorprende y conmueve."
320,Six of Crows: Crooked Kingdom,Leigh Bardugo,9788992172236,Children & Young Adult,Teen & Young Adult,Science Fiction & Fantasy,4.27,352,Vintage Books,1991,"Un clásico moderno que mezcla aventura, drama y crítica social de forma magistral."
321,Diary of a Wimpy Kid: Wrecking Ball (Book 14),Jeff Kinney,9786163294514,Children & Young Adult,Children's Books,"Fantasy, Science Fiction & Horror",2.5,489,Penguin Books,2018,Un relato profundo y emotivo que explora la condición humana con maestría literaria.
322,Diary of a Wimpy Kid: Wrecking Ball (Book 14),Jeff Kinney,9786854870995,Children & Young Adult,Children's Books,Literature & Fiction,2.5,480,Hachette Livre,2012,Una obra maestra que redefine el género y cautiva al lector desde la primera página.
323,Diary of a Wimpy Kid: Wrecking Ball (Book 14),Jeff Kinney,9786229991199,Children & Young Adult,Children's Books,Comics & Graphic Novels,2.5,597,Vintage Books,1986,Repleta de personajes complejos y giros inesperados que no te dejarán soltar el libro.
324,Diary of a Wimpy Kid: Wrecking Ball (Book 14),Jeff Kinney,9785646799703,Children & Young Adult,Children's Books,Growing Up & Facts of Life,2.5,1085,Hachette Livre,2023,"Cautivadora desde el primer capítulo, con un desenlace que sorprende y conmueve."
325,Diary of a Wimpy Kid: Wrecking Ball (Book 14),Jeff Kinney,9782996065302,Children & Young Adult,Children's Books,Humour,2.5,976,Hachette Livre,1992,"Escrita con una prosa elegante, esta obra es un referente en la literatura contemporánea."
326,12 years a slave : A true story (Fingerprint),Solomon Northup,9780544471328,Non-Fiction,"Biographies, Diaries & True Accounts",True Accounts,1.51,665,Random House,1958,"Narración brillante que combina suspense, emoción y reflexión filosófica."
327,"Right Man, Right Time",Meghan Quinn,9784691373675,Fiction,Romance,Sports,4.55,541,Hachette Livre,1959,"Cautivadora desde el primer capítulo, con un desenlace que sorprende y conmueve."
328,Six of Crows (Collectors Edition),BARDUGO LEIGH,9788214862891,Children & Young Adult,Teen & Young Adult,Science Fiction & Fantasy,7.68,492,Scholastic,2022,"Escrita con una prosa elegante, esta obra es un referente en la literatura contemporánea."
329,SIX OF CROWS,Leigh Bardugo,9783030705343,Fiction,"Crime, Thriller & Mystery",Thrillers and Suspense,4.28,411,HarperCollins,1961,Repleta de personajes complejos y giros inesperados que no te dejarán soltar el libro.
330,SIX OF CROWS,Leigh Bardugo,9786103579720,Fiction,Romance,Fantasy,4.28,968,Penguin Books,2021,Un viaje apasionante a través de ideas que transforman la manera de ver el mundo.
331,Six of Crows (Collectors Edition),BARDUGO LEIGH,9785524140601,Children & Young Adult,Teen & Young Adult,Romance,7.68,1162,Oxford University Press,1964,Repleta de personajes complejos y giros inesperados que no te dejarán soltar el libro.
332,The Diary of A Young Girl,Anne Frank,9783334680071,Non-Fiction,"Biographies, Diaries & True Accounts",True Accounts,1.31,473,Penguin Books,2018,"Cautivadora desde el primer capítulo, con un desenlace que sorprende y conmueve."
333,The Diary of A Young Girl,Anne Frank,9780349446651,Non-Fiction,"Biographies, Diaries & True Accounts",Biographies & Autobiographies,1.31,256,Vintage Books,1970,"Narración brillante que combina suspense, emoción y reflexión filosófica."
334,The Diary of A Young Girl,Anne Frank,9787489691084,Non-Fiction,History,Biographies & Autobiographies,1.31,129,Random House,2015,Una novela que desafía convenciones y ofrece una perspectiva fresca y reveladora.
335,Brutal Prince: An Enemies To Lovers Mafia Romance (Brutal Birthright Book 1),Sophie Lark,9789441715452,Fiction,Literature & Fiction,"Crime, Thriller & Mystery",4.54,277,Random House,1961,Repleta de personajes complejos y giros inesperados que no te dejarán soltar el libro.
336,Brutal Prince: An Enemies To Lovers Mafia Romance (Brutal Birthright Book 1),Sophie Lark,9783283096525,Fiction,Romance,Romantic Suspense,4.54,496,Random House,2023,Repleta de personajes complejos y giros inesperados que no te dejarán soltar el libro.
337,Astrophysics for People in a Hurry,Neil deGrasse Tyson,9784666099356,Science & Technology,"Sciences, Technology & Medicine",Astronomy,6.44,148,HarperCollins,2009,Imprescindible para cualquier amante de la lectura; una historia que perdura en la memoria.
338,Hidden Pictures: ‘The boldest double twist of the year’ The Times,Jason Rekulak,9785842824179,Fiction,"Fantasy, Horror & Science Fiction",Horror,5.5,367,Bloomsbury Publishing,1974,Repleta de personajes complejos y giros inesperados que no te dejarán soltar el libro.
339,"The House of Hades (Heroes of Olympus Book 4) (Heroes of Olympus, 4) [Paperback] Riordan, Rick",Rick Riordan,9782513534656,Children & Young Adult,Children's Books,Fantasy,3.82,90,HarperCollins,1959,"Un clásico moderno que mezcla aventura, drama y crítica social de forma magistral."
340,Harry Potter Box Set: The Complete Collection (Children’s Paperback),J.K. Rowling,9784717099911,Children & Young Adult,Children's Books,"Fantasy, Science Fiction & Horror",30.64,816,Penguin Books,2005,Una novela que desafía convenciones y ofrece una perspectiva fresca y reveladora.
341,Harry Potter Box Set: The Complete Collection (Children’s Paperback),J.K. Rowling,9781684602236,Children & Young Adult,Children's Books,Fantasy,30.64,915,Hachette Livre,1985,Un viaje apasionante a través de ideas que transforman la manera de ver el mundo.
342,Harry Potter Box Set: The Complete Collection (Children’s Paperback),J.K. Rowling,9787252175257,Fiction,Literature & Fiction,"Fantasy, Horror & Science Fiction",30.64,1199,Penguin Books,2009,Imprescindible para cualquier amante de la lectura; una historia que perdura en la memoria.
343,Harry Potter Box Set: The Complete Collection (Children’s Paperback),J.K. Rowling,9784329271297,Fiction,"Fantasy, Horror & Science Fiction",Fantasy,30.64,227,Oxford University Press,2007,"Narración brillante que combina suspense, emoción y reflexión filosófica."
344,Room on the Broom,Julia Donaldson,9786760083503,Children & Young Adult,Children's Books,Fantasy,3.2,777,HarperCollins,1969,Imprescindible para cualquier amante de la lectura; una historia que perdura en la memoria.
345,Room on the Broom,Julia Donaldson,9780033542165,Children & Young Adult,Children's Books,Holidays & Celebrations,3.2,459,Scholastic,1992,"Escrita con una prosa elegante, esta obra es un referente en la literatura contemporánea."
346,Broken Bonds (The Bonds that Tie Book 1),J Bree,9782104478988,Fiction,Romance,Paranormal,4.54,1161,Macmillan Publishers,1959,"Narración brillante que combina suspense, emoción y reflexión filosófica."
347,Spot - Original Lift The Flap,Eric Hill,9785753260339,Children & Young Adult,Children's Books,Animals & Pets,2.85,1096,Simon & Schuster,1973,Imprescindible para cualquier amante de la lectura; una historia que perdura en la memoria.
348,"Powerless: The must-read, small-town romance and TikTok bestseller! (Chestnut Springs Book 3)",Elsie Silver,9789821506487,Fiction,Romance,Small Town Romance,3.57,469,Vintage Books,2023,Una novela que desafía convenciones y ofrece una perspectiva fresca y reveladora.
349,"Powerless: The must-read, small-town romance and TikTok bestseller! (Chestnut Springs Book 3)",Elsie Silver,9780100167613,Fiction,Romance,Western & Frontier,3.57,504,Penguin Books,1993,Una obra maestra que redefine el género y cautiva al lector desde la primera página.
350,"Powerless: The must-read, small-town romance and TikTok bestseller! (Chestnut Springs)",Elsie Silver,9782304618492,Fiction,Romance,Western & Frontier,5.18,1050,Oxford University Press,2008,"Escrita con una prosa elegante, esta obra es un referente en la literatura contemporánea."
351,"Powerless: The must-read, small-town romance and TikTok bestseller! (Chestnut Springs Book 3)",Elsie Silver,9781891411739,Fiction,Romance,Alpha Male,3.57,1105,Oxford University Press,2017,"Narración brillante que combina suspense, emoción y reflexión filosófica."
352,The Monk Who Sold His Ferrari,Robin Sharma,9788356420878,Lifestyle & Leisure,"Health, Family & Personal Development",Personal Transformation,2.05,801,Random House,2005,Imprescindible para cualquier amante de la lectura; una historia que perdura en la memoria.
353,Norse Mythology,Neil Gaiman,9783001197214,Fiction,Literature & Fiction,"Myths, Legends & Sagas",1.48,810,Vintage Books,1952,Una obra maestra que redefine el género y cautiva al lector desde la primera página.
354,Percy Jackson and the Sea of Monsters [Paperback] Rick Riordan,Rick Riordan,9784374470129,Children & Young Adult,Children's Books,Fantasy,3.24,362,Oxford University Press,2001,Repleta de personajes complejos y giros inesperados que no te dejarán soltar el libro.
355,Percy Jackson and the Sea of Monsters [Paperback] Rick Riordan,Rick Riordan,9785611002251,Children & Young Adult,Children's Books,"Fairy Tales, Folk Tales & Myths",3.24,217,Scholastic,2023,"Escrita con una prosa elegante, esta obra es un referente en la literatura contemporánea."
356,Percy Jackson and the Sea of Monsters [Paperback] Rick Riordan,Rick Riordan,9784155216678,Children & Young Adult,Children's Books,Mysteries & Curiosities,3.24,978,Penguin Books,1987,"Un clásico moderno que mezcla aventura, drama y crítica social de forma magistral."
357,THE RICHEST MAN IN BABYLON (PB),George S. Clason,9786212021696,Business & Law,Business & Economics,Analysis & Strategy,1.09,955,Bloomsbury Publishing,1950,Un viaje apasionante a través de ideas que transforman la manera de ver el mundo.
358,THE RICHEST MAN IN BABYLON (PB),George S. Clason,9782965902771,Business & Law,Business & Economics,Economics,1.09,850,Bloomsbury Publishing,1999,"Escrita con una prosa elegante, esta obra es un referente en la literatura contemporánea."
359,Consider Me: 1 (Playing for Keeps),Becka Mack,9780145089938,Fiction,Romance,Sports,3.71,225,Penguin Books,1952,Imprescindible para cualquier amante de la lectura; una historia que perdura en la memoria.
360,"Reckless: The must-read, small-town romance and TikTok bestseller! (Chestnut Springs Book 4)",Elsie Silver,9789163756284,Fiction,Romance,Enemies to Lovers,2.72,240,HarperCollins,1951,Una novela que desafía convenciones y ofrece una perspectiva fresca y reveladora.
361,"Reckless: The must-read, small-town romance and TikTok bestseller! (Chestnut Springs Book 4)",Elsie Silver,9782877217537,Fiction,Romance,Western & Frontier,2.72,340,Simon & Schuster,1978,Un viaje apasionante a través de ideas que transforman la manera de ver el mundo.
362,"Reckless: The must-read, small-town romance and TikTok bestseller! (Chestnut Springs Book 4)",Elsie Silver,9788386631776,Fiction,Romance,Small Town Romance,2.72,1139,Scholastic,1991,"Escrita con una prosa elegante, esta obra es un referente en la literatura contemporánea."
363,The Wicked King (The Folk of the Air #2),Holly Black,9787751701660,Children & Young Adult,Teen & Young Adult,Science Fiction & Fantasy,2.49,690,Random House,2004,"Escrita con una prosa elegante, esta obra es un referente en la literatura contemporánea."
364,The Wicked King (The Folk of the Air #2),Holly Black,9780199488379,Children & Young Adult,Children's Books,Fantasy,3.42,286,Macmillan Publishers,1969,"Escrita con una prosa elegante, esta obra es un referente en la literatura contemporánea."
365,The Wrong Bride: Ares and Raven's Story (The Windsors),Catharina Maura,9783758997579,Fiction,Romance,Contemporary,3.02,321,HarperCollins,1983,Repleta de personajes complejos y giros inesperados que no te dejarán soltar el libro.
366,The Five-Star Weekend,Elin Hilderbrand,9780554885109,Fiction,Romance,Holidays,5.06,1101,Random House,1978,Repleta de personajes complejos y giros inesperados que no te dejarán soltar el libro.
367,Greenlights: Raucous stories and outlaw wisdom from the Academy Award-winning actor,Matthew McConaughey,9786149331637,Lifestyle & Leisure,"Arts, Film & Photography",Cinema & Broadcast,4.09,552,Hachette Livre,1991,Repleta de personajes complejos y giros inesperados que no te dejarán soltar el libro.
368,Greenlights: Raucous stories and outlaw wisdom from the Academy Award-winning actor,Matthew McConaughey,9781609177987,Lifestyle & Leisure,"Arts, Film & Photography",Cinema & Broadcast,4.28,185,Penguin Books,2018,"Escrita con una prosa elegante, esta obra es un referente en la literatura contemporánea."
369,The Curious Incident of the Dog in the Night-time : Vintage Children's Classics,Mark Haddon,9788086978292,Children & Young Adult,Children's Books,Crime & Thriller,2.85,1187,Macmillan Publishers,2008,Repleta de personajes complejos y giros inesperados que no te dejarán soltar el libro.
370,Elon Musk (B),Ashlee Vance,9786995866938,Business & Law,Business & Economics,Industries,4.34,757,Vintage Books,1975,Una novela que desafía convenciones y ofrece una perspectiva fresca y reveladora.
371,Elon Musk,Ashlee Vance,9784722698484,Business & Law,Business & Economics,Industries,9.02,126,Simon & Schuster,2023,Una novela que desafía convenciones y ofrece una perspectiva fresca y reveladora.
372,The Mark of Athena (Heroes of Olympus Book 3),Rick Riordan,9783394522881,Children & Young Adult,Children's Books,Fantasy,2.85,538,Scholastic,1995,Una novela que desafía convenciones y ofrece una perspectiva fresca y reveladora.
373,Homo Deus: A Brief History of Tomorrow,Yuval Noah Harari,9788799684608,Non-Fiction,Society & Social Sciences,Anthropology,10.53,673,Bloomsbury Publishing,2023,"Escrita con una prosa elegante, esta obra es un referente en la literatura contemporánea."
374,"Homo Deus: A Brief History of Tomorrow Harari, Yuval Noah",Yuval Noah Harari,9786200342447,Science & Technology,"Sciences, Technology & Medicine",Biology & Life Sciences,4.39,594,Random House,1969,Imprescindible para cualquier amante de la lectura; una historia que perdura en la memoria.
375,"Homo Deus: A Brief History of Tomorrow Harari, Yuval Noah",Yuval Noah Harari,9783805719833,Non-Fiction,Society & Social Sciences,Society & Culture,4.39,879,Penguin Books,1974,"Un clásico moderno que mezcla aventura, drama y crítica social de forma magistral."
376,"Homo Deus: ‘An intoxicating brew of science, philosophy and futurism’ Mail on Sunday",Yuval Noah Harari,9788406665806,Non-Fiction,Society & Social Sciences,Anthropology,2.75,812,Macmillan Publishers,1968,Un viaje apasionante a través de ideas que transforman la manera de ver el mundo.
377,"Homo Deus: A Brief History of Tomorrow Harari, Yuval Noah",Yuval Noah Harari,9789735989333,Non-Fiction,Society & Social Sciences,Anthropology,4.39,219,Macmillan Publishers,1976,Un viaje apasionante a través de ideas que transforman la manera de ver el mundo.
378,The 5 AM Club,Robin Sharma,9781228160642,Business & Law,Business & Economics,Analysis & Strategy,2.64,403,Scholastic,1989,Un viaje apasionante a través de ideas que transforman la manera de ver el mundo.
379,The 5 AM Club,Robin Sharma,9782940572023,Lifestyle & Leisure,"Health, Family & Personal Development",Personal Transformation,2.64,669,Oxford University Press,1973,Un viaje apasionante a través de ideas que transforman la manera de ver el mundo.
380,"PUBLICATION MANUAL OF THE AMERICAN PSYCHOLOGICAL ASSOCIATION, 7TH EDITION",American Psychological Association,9789479851583,Education,"Language, Linguistics & Writing",Writing Guides,12.31,233,HarperCollins,1962,"Cautivadora desde el primer capítulo, con un desenlace que sorprende y conmueve."
381,Looking for Alaska,John Green,9781826886152,Children & Young Adult,Teen & Young Adult,Romance,2.57,1174,Oxford University Press,1953,Un viaje apasionante a través de ideas que transforman la manera de ver el mundo.
382,Percy Jackson and the Last Olympian (Book 5) [Paperback] Rick Riordan,Rick Riordan,9785543987804,Children & Young Adult,Children's Books,Fantasy,2.85,574,Hachette Livre,2018,"Cautivadora desde el primer capítulo, con un desenlace que sorprende y conmueve."
383,Percy Jackson and the Last Olympian (Book 5) [Paperback] Rick Riordan,Rick Riordan,9783993056160,Children & Young Adult,Children's Books,"Fairy Tales, Folk Tales & Myths",2.85,1140,Vintage Books,1955,Una novela que desafía convenciones y ofrece una perspectiva fresca y reveladora.
384,Percy Jackson and the Titan's Curse [Paperback] Rick Riordan,Rick Riordan,9780858877049,Children & Young Adult,Children's Books,Mysteries & Curiosities,3.4,1104,HarperCollins,1966,Repleta de personajes complejos y giros inesperados que no te dejarán soltar el libro.
385,Percy Jackson and the Titan's Curse [Paperback] Rick Riordan,Rick Riordan,9781128801331,Children & Young Adult,Children's Books,"Fairy Tales, Folk Tales & Myths",3.4,719,Vintage Books,2019,"Un clásico moderno que mezcla aventura, drama y crítica social de forma magistral."
386,Percy Jackson and the Titan's Curse [Paperback] Rick Riordan,Rick Riordan,9788612075011,Children & Young Adult,Children's Books,Fantasy,3.4,897,Hachette Livre,1994,"Escrita con una prosa elegante, esta obra es un referente en la literatura contemporánea."
387,The Spy and the Traitor: The Greatest Espionage Story of the Cold War,Ben Macintyre,9784819346679,Non-Fiction,Politics,International Relations & Globalization,10.53,196,HarperCollins,1958,Una novela que desafía convenciones y ofrece una perspectiva fresca y reveladora.
388,"The Spy and the Traitor: The Greatest Espionage Story of the Cold War MacIntyre, Ben",Ben MacIntyre,9780618091900,Non-Fiction,Politics,Freedom & Security,4.47,1198,HarperCollins,1991,"Narración brillante que combina suspense, emoción y reflexión filosófica."
389,The Spy and the Traitor: The Greatest Espionage Story of the Cold War,Ben Macintyre,9781449147669,Non-Fiction,Politics,Freedom & Security,10.53,307,HarperCollins,1990,Un viaje apasionante a través de ideas que transforman la manera de ver el mundo.
390,"The Spy and the Traitor: The Greatest Espionage Story of the Cold War MacIntyre, Ben",Ben MacIntyre,9788326842452,Non-Fiction,Politics,International Relations & Globalization,4.47,1044,Random House,1979,"Escrita con una prosa elegante, esta obra es un referente en la literatura contemporánea."
391,Zero to One (L),Peter Thiel,9782100996885,Business & Law,Business & Economics,Analysis & Strategy,4.23,618,HarperCollins,1976,Imprescindible para cualquier amante de la lectura; una historia que perdura en la memoria.
392,Zero to One (L),Peter Thiel,9785368222390,Business & Law,Business & Economics,Economics,4.23,141,Random House,1975,Repleta de personajes complejos y giros inesperados que no te dejarán soltar el libro.
393,The Girl In Room 105,Chetan Bhagat,9782908781410,Fiction,Literature & Fiction,"Crime, Thriller & Mystery",1.9,146,Oxford University Press,1988,Un relato profundo y emotivo que explora la condición humana con maestría literaria.
394,The Girl In Room 105,Chetan Bhagat,9789755231496,Fiction,"Crime, Thriller & Mystery",Thrillers and Suspense,1.9,772,Vintage Books,1970,"Un clásico moderno que mezcla aventura, drama y crítica social de forma magistral."
395,The Book Thief,Markus Zusak,9787759492993,Children & Young Adult,Children's Books,"Family, Personal & Social Issues",3.02,943,Penguin Books,2004,Repleta de personajes complejos y giros inesperados que no te dejarán soltar el libro.
396,The Book Thief,Markus Zusak,9782053364529,Children & Young Adult,Teen & Young Adult,Social & Family Issues,3.02,614,Random House,1984,"Narración brillante que combina suspense, emoción y reflexión filosófica."
397,The Book Thief,Markus Zusak,9787547812914,Children & Young Adult,Children's Books,Historical Fiction,3.02,490,Penguin Books,1979,"Cautivadora desde el primer capítulo, con un desenlace que sorprende y conmueve."
398,The Book Thief,Markus Zusak,9783411080995,Children & Young Adult,Children's Books,Growing Up & Facts of Life,3.02,765,Simon & Schuster,1977,"Escrita con una prosa elegante, esta obra es un referente en la literatura contemporánea."
399,The Book Thief,Markus Zusak,9780848872566,Children & Young Adult,Children's Books,Literature & Fiction,3.02,201,Oxford University Press,1995,Una obra maestra que redefine el género y cautiva al lector desde la primera página.
400,Percy Jackson and The Battle of the Labyrinth (Book 4) [Paperback] Rick Riordan,Rick Riordan,9782788165803,Children & Young Adult,Children's Books,Fantasy,3.07,365,Hachette Livre,1953,Un viaje apasionante a través de ideas que transforman la manera de ver el mundo.
401,Percy Jackson and The Battle of the Labyrinth (Book 4) [Paperback] Rick Riordan,Rick Riordan,9788272299278,Children & Young Adult,Children's Books,"Fairy Tales, Folk Tales & Myths",3.07,498,HarperCollins,1967,Un viaje apasionante a través de ideas que transforman la manera de ver el mundo.
402,How To Win Friends And Influence People (Dale Carnegie Books),Dale Carnegie,9787314530388,Business & Law,Business & Economics,Analysis & Strategy,1.57,1200,Simon & Schuster,2006,Una novela que desafía convenciones y ofrece una perspectiva fresca y reveladora.
403,"The Long Haul (Diary of a Wimpy Kid book 9) [Paperback] Kinney, Jeff",Jeff Kinney,9787005184499,Fiction,Literature & Fiction,Classic Fiction,2.57,755,Macmillan Publishers,1965,"Un clásico moderno que mezcla aventura, drama y crítica social de forma magistral."
404,Holes,Louis Sachar,9786659184639,Children & Young Adult,Children's Books,Crime & Thriller,3.63,207,Simon & Schuster,1998,Imprescindible para cualquier amante de la lectura; una historia que perdura en la memoria.
405,Holes,Louis Sachar,9785779082727,Children & Young Adult,Teen & Young Adult,Social & Family Issues,3.63,562,Random House,1953,"Escrita con una prosa elegante, esta obra es un referente en la literatura contemporánea."
406,A Promised Land,Barack Obama,9784322259131,Non-Fiction,Politics,International Relations & Globalization,18.79,1090,Macmillan Publishers,2006,"Un clásico moderno que mezcla aventura, drama y crítica social de forma magistral."
407,"Thinking, Fast & Slow (L)",Daniel Kahneman,9787773926033,Lifestyle & Leisure,"Health, Family & Personal Development",Personal Transformation,5.1,229,Penguin Books,1976,"Escrita con una prosa elegante, esta obra es un referente en la literatura contemporánea."
408,"Thinking, Fast & Slow (L)",Daniel Kahneman,9789228092020,Business & Law,Business & Economics,Analysis & Strategy,5.1,152,Bloomsbury Publishing,1998,Imprescindible para cualquier amante de la lectura; una historia que perdura en la memoria.
409,"Thinking, Fast and Slow",Daniel Kahneman,9786990413794,Business & Law,Business & Economics,Analysis & Strategy,10.53,788,Macmillan Publishers,1956,Repleta de personajes complejos y giros inesperados que no te dejarán soltar el libro.
410,TWILIGHT,Stephenie Meyer,9783692929840,Children & Young Adult,Teen & Young Adult,Science Fiction & Fantasy,4.28,224,Random House,2007,Una obra maestra que redefine el género y cautiva al lector desde la primera página.
411,"Diary of a Wimpy Kid: The Meltdown (Book 13) [Paperback] Kinney, Jeff",Jeff Kinney,9789913662104,Children & Young Adult,Children's Books,Comics & Graphic Novels,2.27,932,Macmillan Publishers,2006,Un viaje apasionante a través de ideas que transforman la manera de ver el mundo.
412,"Diary of a Wimpy Kid: The Meltdown (Book 13) [Paperback] Kinney, Jeff",Jeff Kinney,9786291279902,Children & Young Adult,Children's Books,Humour,2.27,245,Random House,2001,"Escrita con una prosa elegante, esta obra es un referente en la literatura contemporánea."
413,"Diary of a Wimpy Kid: The Meltdown (Book 13) [Paperback] Kinney, Jeff",Jeff Kinney,9781729806866,Children & Young Adult,Children's Books,Growing Up & Facts of Life,2.27,1060,Vintage Books,1975,"Cautivadora desde el primer capítulo, con un desenlace que sorprende y conmueve."
414,RUIN AND RISING (B PB): THE GRISHA BOOK 3,Leigh Bardugo,9786376599169,Children & Young Adult,Children's Books,Historical Fiction,4.44,345,Oxford University Press,1976,Imprescindible para cualquier amante de la lectura; una historia que perdura en la memoria.
415,SIEGE AND STORM (B PB): THE GRISHA BOOK 2 (Shadow and Bone),Leigh Bardugo,9783149864301,Children & Young Adult,Children's Books,Historical Fiction,4.29,634,Bloomsbury Publishing,1998,"Narración brillante que combina suspense, emoción y reflexión filosófica."
416,Double Down (Diary of a Wimpy Kid Book 11) [Paperback] Jeff Kinney,Jeff Kinney,9781806356518,Children & Young Adult,Children's Books,Growing Up & Facts of Life,2.5,165,Simon & Schuster,1965,"Cautivadora desde el primer capítulo, con un desenlace que sorprende y conmueve."
417,Double Down (Diary of a Wimpy Kid Book 11) [Paperback] Jeff Kinney,Jeff Kinney,9784486959468,Children & Young Adult,Children's Books,Humour,2.5,293,Simon & Schuster,1961,Imprescindible para cualquier amante de la lectura; una historia que perdura en la memoria.
418,Double Down (Diary of a Wimpy Kid Book 11) [Paperback] Jeff Kinney,Jeff Kinney,9788725887449,Children & Young Adult,Children's Books,Comics & Graphic Novels,2.5,152,Macmillan Publishers,1972,"Escrita con una prosa elegante, esta obra es un referente en la literatura contemporánea."
419,The Choice : A true story of hope,Edith Eger,9782137213863,Non-Fiction,"Biographies, Diaries & True Accounts",True Accounts,4.48,1097,Simon & Schuster,2014,"Cautivadora desde el primer capítulo, con un desenlace que sorprende y conmueve."
420,Why We Sleep: The New Science of Sleep and Dreams,Matthew Walker,9780260127965,Science & Technology,"Sciences, Technology & Medicine",Biology & Life Sciences,9.02,1119,Random House,2016,Un viaje apasionante a través de ideas que transforman la manera de ver el mundo.
421,The Wonderful Things You Will Be,Emily Winfield Martin,9783519066984,Children & Young Adult,Children's Books,"Family, Personal & Social Issues",3.56,541,Macmillan Publishers,1965,Imprescindible para cualquier amante de la lectura; una historia que perdura en la memoria.
422,The Wonderful Things You Will Be,Emily Winfield Martin,9782770384301,Children & Young Adult,Children's Books,Growing Up & Facts of Life,3.56,797,Macmillan Publishers,1970,"Escrita con una prosa elegante, esta obra es un referente en la literatura contemporánea."
423,The Wonderful Things You Will Be,Emily Winfield Martin,9783920530214,Children & Young Adult,Children's Books,Literature & Fiction,3.56,963,Hachette Livre,1976,Una novela que desafía convenciones y ofrece una perspectiva fresca y reveladora.
424,The Wonderful Things You Will Be,Emily Winfield Martin,9786693801181,Children & Young Adult,Children's Books,Picture Books,3.56,1058,Macmillan Publishers,1965,Repleta de personajes complejos y giros inesperados que no te dejarán soltar el libro.
425,"The Boy in the Striped Pyjamas: Read John Boyne�s powerful classic ahead of the sequel ALL THE BROKEN PLACES [Paperback] Boyne, John",John Boyne,9785543937695,Children & Young Adult,Teen & Young Adult,Social & Family Issues,2.85,701,HarperCollins,2012,Un viaje apasionante a través de ideas que transforman la manera de ver el mundo.
426,"The Boy in the Striped Pyjamas: Read John Boyne�s powerful classic ahead of the sequel ALL THE BROKEN PLACES [Paperback] Boyne, John",John Boyne,9786818184518,Children & Young Adult,Children's Books,Growing Up & Facts of Life,2.85,546,Hachette Livre,1995,Imprescindible para cualquier amante de la lectura; una historia que perdura en la memoria.
427,"The Boy in the Striped Pyjamas: Read John Boyne�s powerful classic ahead of the sequel ALL THE BROKEN PLACES [Paperback] Boyne, John",John Boyne,9789476973579,Children & Young Adult,Children's Books,"Family, Personal & Social Issues",2.85,123,Oxford University Press,1990,Repleta de personajes complejos y giros inesperados que no te dejarán soltar el libro.
428,The Boy in the Striped Pyjamas,John Boyne,9787141633567,Children & Young Adult,Teen & Young Adult,History,5.64,193,Vintage Books,2003,Una novela que desafía convenciones y ofrece una perspectiva fresca y reveladora.
429,"The Boy in the Striped Pyjamas: Read John Boyne�s powerful classic ahead of the sequel ALL THE BROKEN PLACES [Paperback] Boyne, John",John Boyne,9780434165180,Children & Young Adult,Children's Books,Historical Fiction,2.85,133,Oxford University Press,1974,"Cautivadora desde el primer capítulo, con un desenlace que sorprende y conmueve."
430,Yellow Face: The instant #1 Sunday Times bestseller and Reese Witherspoon Book Club pick from author R.F. Kuang,Rebecca F Kuang,9785394237333,Fiction,"Crime, Thriller & Mystery",Thrillers and Suspense,4.51,481,Oxford University Press,1976,"Cautivadora desde el primer capítulo, con un desenlace que sorprende y conmueve."
431,Yellow Face: The instant #1 Sunday Times bestseller and Reese Witherspoon Book Club pick from author R.F. Kuang,Rebecca F Kuang,9783339521112,Non-Fiction,Society & Social Sciences,Society & Culture,4.51,1174,Scholastic,1961,"Un clásico moderno que mezcla aventura, drama y crítica social de forma magistral."
432,Think Like a Monk 1st edition - Train your M,Jay Shetty,9788075957941,Non-Fiction,Religion,Religious Studies,3.68,856,Hachette Livre,2014,Una obra maestra que redefine el género y cautiva al lector desde la primera página.
433,Think Like a Monk 1st edition - Train your M,Jay Shetty,9784639208675,Non-Fiction,Religion,Buddhism,3.68,117,Random House,1996,Un relato profundo y emotivo que explora la condición humana con maestría literaria.
434,Think Like a Monk: The secret of how to harness the power of positivity and be happy now,Jay Shetty,9785627187506,Non-Fiction,Religion,Buddhism,2.08,1067,Penguin Books,2011,Un relato profundo y emotivo que explora la condición humana con maestría literaria.
435,Think Like a Monk 1st edition - Train your M,Jay Shetty,9789155942843,Non-Fiction,Society & Social Sciences,Society & Culture,3.68,186,Vintage Books,1982,Un relato profundo y emotivo que explora la condición humana con maestría literaria.
436,Rich Dad Poor Dad: 25th Anniversary Edit,Robert T. Kiyosaki,9789552763651,Lifestyle & Leisure,"Health, Family & Personal Development",Self-Help,4.39,872,Bloomsbury Publishing,2015,Una obra maestra que redefine el género y cautiva al lector desde la primera página.
437,Rich Dad Poor Dad: 25th Anniversary Edit,Robert T. Kiyosaki,9787292931430,Lifestyle & Leisure,"Health, Family & Personal Development",Personal Transformation,4.39,852,Random House,1964,Una obra maestra que redefine el género y cautiva al lector desde la primera página.
438,Rich Dad Poor Dad: 25th Anniversary Edit,Robert T. Kiyosaki,9783227026726,Business & Law,Business & Economics,Analysis & Strategy,4.39,336,Scholastic,2008,Una obra maestra que redefine el género y cautiva al lector desde la primera página.
439,Charlotte's Web (A Puffin Book),E B White,9787448906128,Children & Young Adult,Children's Books,Fantasy,2.42,960,Vintage Books,1952,Una novela que desafía convenciones y ofrece una perspectiva fresca y reveladora.
440,"Deep Work: Rules for Focused Success in a Distracted World [Paperback] Newport, Cal",Cal Newport,9787175455885,Business & Law,Business & Economics,Analysis & Strategy,2.98,954,Simon & Schuster,1950,Un relato profundo y emotivo que explora la condición humana con maestría literaria.
441,The Mamba Mentality,Kobe Bryant,9786159399822,Lifestyle & Leisure,Sports,Training & Coaching,30.15,362,Bloomsbury Publishing,1998,Una novela que desafía convenciones y ofrece una perspectiva fresca y reveladora.
442,HOW TO STOP WORRYING AND START LIVING,Dale Carnegie,9788771694722,Fiction,Literature & Fiction,Classic Fiction,1.5,316,Oxford University Press,2003,Una novela que desafía convenciones y ofrece una perspectiva fresca y reveladora.
443,How to Stop Worrying and Start Living: Original Edition | Premium Paperback,Dale Carnegie,9789961125358,Education,Reference,"Words, Language & Grammar",1.09,976,Macmillan Publishers,2001,Un viaje apasionante a través de ideas que transforman la manera de ver el mundo.
444,Diary of a Wimpy Kid 10 : Old School,Jeff Kinney,9789647598763,Children & Young Adult,Children's Books,Humour,2.57,321,Simon & Schuster,1962,Imprescindible para cualquier amante de la lectura; una historia que perdura en la memoria.
445,Diary of a Wimpy Kid 8 : Hard Luck,Jeff Kinney,9782341326119,Children & Young Adult,Children's Books,"Fantasy, Science Fiction & Horror",2.57,833,Oxford University Press,1995,Un viaje apasionante a través de ideas que transforman la manera de ver el mundo.
446,Diary of a Wimpy Kid 8 : Hard Luck,Jeff Kinney,9780068114922,Children & Young Adult,Children's Books,Growing Up & Facts of Life,2.57,800,Scholastic,1996,"Narración brillante que combina suspense, emoción y reflexión filosófica."
447,Diary of a Wimpy Kid 8 : Hard Luck,Jeff Kinney,9783347228201,Children & Young Adult,Children's Books,Comics & Graphic Novels,2.57,476,Scholastic,1989,Un relato profundo y emotivo que explora la condición humana con maestría literaria.
448,Diary of a Wimpy Kid 8 : Hard Luck,Jeff Kinney,9787784872828,Children & Young Adult,Children's Books,Humour,2.57,782,Macmillan Publishers,1958,Una novela que desafía convenciones y ofrece una perspectiva fresca y reveladora.
449,Behind the Net: a grumpy sunshine hockey romance (Vancouver Storm Book 1),Stephanie Archer,9789688457836,Fiction,Romance,Sports,3.36,974,HarperCollins,2005,"Cautivadora desde el primer capítulo, con un desenlace que sorprende y conmueve."
450,Ruthless Creatures: Queens and Monsters Book 1,J.T. Geissinger,9785642400827,Fiction,Romance,Mafia Romance,3.02,198,Scholastic,1988,Una novela que desafía convenciones y ofrece una perspectiva fresca y reveladora.
451,My First Book of Patterns Pencil Control: Patterns Practice book for kids (Pattern Writing),Wonder House Books,9788077406490,Children & Young Adult,Children's Books,Interactive & Activity Books,0.98,567,Simon & Schuster,1979,"Cautivadora desde el primer capítulo, con un desenlace que sorprende y conmueve."
452,My First Book of Patterns Pencil Control: Patterns Practice book for kids (Pattern Writing),Wonder House Books,9785368663264,Children & Young Adult,Children's Books,Language Learning,0.98,555,Macmillan Publishers,1960,Repleta de personajes complejos y giros inesperados que no te dejarán soltar el libro.
453,Diary of a Wimpy Kid [Paperback] Jeff Kinney,Jeff Kinney,9781638944847,Children & Young Adult,Children's Books,Growing Up & Facts of Life,2.5,268,Simon & Schuster,1999,Repleta de personajes complejos y giros inesperados que no te dejarán soltar el libro.
454,Diary of a Wimpy Kid [Paperback] Jeff Kinney,Jeff Kinney,9782241797494,Children & Young Adult,Children's Books,Comics & Graphic Novels,2.5,100,Hachette Livre,2010,Una novela que desafía convenciones y ofrece una perspectiva fresca y reveladora.
455,Diary of a Wimpy Kid [Paperback] Jeff Kinney,Jeff Kinney,9780208021444,Children & Young Adult,Children's Books,"Fantasy, Science Fiction & Horror",2.5,545,Macmillan Publishers,1952,Imprescindible para cualquier amante de la lectura; una historia que perdura en la memoria.
456,Diary of a Wimpy Kid [Paperback] Jeff Kinney,Jeff Kinney,9783120735642,Children & Young Adult,Children's Books,Humour,2.5,925,Penguin Books,1985,"Narración brillante que combina suspense, emoción y reflexión filosófica."
457,The Immortal Life of Henrietta Lacks (Picador Classic),Rebecca Skloot,9780512046187,Non-Fiction,Society & Social Sciences,Ethnography,4.51,1178,HarperCollins,1991,"Narración brillante que combina suspense, emoción y reflexión filosófica."
458,The Maddest Obsession (Made Book 2),Danielle Lori,9784601367309,Fiction,Romance,Enemies to Lovers,3.02,173,Scholastic,1955,Un relato profundo y emotivo que explora la condición humana con maestría literaria.
459,"THE REVERSAL: MICKEY HALLER BOOK 3 [Paperback] Connelly, Michael",Michael Connelly,9788376452082,Science & Technology,"Sciences, Technology & Medicine",Transportation & Automotive,4.61,110,Random House,1968,"Un clásico moderno que mezcla aventura, drama y crítica social de forma magistral."
460,The Reversal (Mickey Haller Series Book 3),Michael Connelly,9787435031367,Science & Technology,"Sciences, Technology & Medicine",Transportation & Automotive,3.08,591,Hachette Livre,1981,Imprescindible para cualquier amante de la lectura; una historia que perdura en la memoria.
461,Hopeless (Chestnut Springs Book 5),Elsie Silver,9784916300979,Fiction,Romance,Alpha Male,3.57,196,Random House,1972,Imprescindible para cualquier amante de la lectura; una historia que perdura en la memoria.
462,Hopeless (Chestnut Springs Book 5),Elsie Silver,9781327195003,Fiction,Romance,Western & Frontier,3.57,236,Hachette Livre,2022,Imprescindible para cualquier amante de la lectura; una historia que perdura en la memoria.
463,Hopeless (Chestnut Springs Book 5),Elsie Silver,9781273585738,Fiction,Romance,Small Town Romance,3.57,196,Vintage Books,1951,"Escrita con una prosa elegante, esta obra es un referente en la literatura contemporánea."
464,Breath (Lead Title),James Nestor,9782407784875,Science & Technology,"Sciences, Technology & Medicine",Biology & Life Sciences,3.95,339,Oxford University Press,1966,Un relato profundo y emotivo que explora la condición humana con maestría literaria.
465,Breath: The New Science of a Lost Art,James Nestor,9788557498218,Lifestyle & Leisure,Sports,Training & Coaching,2.92,978,Oxford University Press,2016,"Un clásico moderno que mezcla aventura, drama y crítica social de forma magistral."
466,Breath (Lead Title),James Nestor,9784485708622,Lifestyle & Leisure,Sports,Training & Coaching,3.95,449,Vintage Books,1969,"Cautivadora desde el primer capítulo, con un desenlace que sorprende y conmueve."
467,Breath: The New Science of a Lost Art,James Nestor,9789351863871,Lifestyle & Leisure,Sports,Training & Coaching,9.77,658,Bloomsbury Publishing,1967,"Escrita con una prosa elegante, esta obra es un referente en la literatura contemporánea."
468,Breath,James Nestor,9784565118107,Education,Reference,Library & Information Science,6.6,169,Vintage Books,2010,Imprescindible para cualquier amante de la lectura; una historia que perdura en la memoria.
469,Breath,James Nestor,9783173109673,Lifestyle & Leisure,Sports,Training & Coaching,6.6,723,Penguin Books,1954,"Un clásico moderno que mezcla aventura, drama y crítica social de forma magistral."
470,The Son of Neptune (Heroes of Olympus Book 2),Rick Riordan,9784053910374,Children & Young Adult,Children's Books,Fantasy,3.56,796,Oxford University Press,1957,"Un clásico moderno que mezcla aventura, drama y crítica social de forma magistral."
471,The Sanatorium : The spine-tingling #1 Sunday Times bestseller and Reese Witherspoon Book Club Pick,Sarah Pearse,9785865094805,Lifestyle & Leisure,Sports,Winter Sports,3.56,580,HarperCollins,1976,Repleta de personajes complejos y giros inesperados que no te dejarán soltar el libro.
472,The Sanatorium: The spine-tingling #1 Sunday Times bestseller and Reese Witherspoon Book Club Pick (Detective Elin Warner Series),Sarah Pearse,9783811386330,Lifestyle & Leisure,Sports,Winter Sports,3.4,678,Oxford University Press,1987,"Narración brillante que combina suspense, emoción y reflexión filosófica."
473,Girl Who Drank The Moon,Kelly Barnhill,9782886195767,Children & Young Adult,Children's Books,"Fantasy, Science Fiction & Horror",2.65,345,Penguin Books,1997,Un viaje apasionante a través de ideas que transforman la manera de ver el mundo.
474,Girl Who Drank The Moon,Kelly Barnhill,9788685289752,Children & Young Adult,Children's Books,Growing Up & Facts of Life,2.65,894,Random House,2003,Un relato profundo y emotivo que explora la condición humana con maestría literaria.
475,Girl Who Drank The Moon,Kelly Barnhill,9785665939834,Children & Young Adult,Children's Books,"Fairy Tales, Folk Tales & Myths",2.65,1060,Bloomsbury Publishing,1970,Imprescindible para cualquier amante de la lectura; una historia que perdura en la memoria.
476,Girl Who Drank The Moon,Kelly Barnhill,9785776004900,Children & Young Adult,Children's Books,Literature & Fiction,2.65,330,Hachette Livre,2003,Repleta de personajes complejos y giros inesperados que no te dejarán soltar el libro.
477,Girl Who Drank The Moon,Kelly Barnhill,9780433504885,Children & Young Adult,Children's Books,Traditional Stories,2.65,237,Oxford University Press,1972,Un relato profundo y emotivo que explora la condición humana con maestría literaria.
478,Dune Messiah,Frank Herbert,9782107522455,Education,Reference,Library & Information Science,4.41,236,Oxford University Press,1972,Una obra maestra que redefine el género y cautiva al lector desde la primera página.
479,World’s Greatest Books For Personal Growth & Wealth (Set of 4 Books) : Perfect Motivational Gift Set,Dale Carnegie,9784419693158,Lifestyle & Leisure,"Health, Family & Personal Development",Self-Help,3.73,592,HarperCollins,2016,Imprescindible para cualquier amante de la lectura; una historia que perdura en la memoria.
480,World’s Greatest Books For Personal Growth & Wealth (Set of 4 Books) : Perfect Motivational Gift Set,Dale Carnegie,9789194096103,Business & Law,Business & Economics,Economics,3.73,1193,Random House,1969,"Escrita con una prosa elegante, esta obra es un referente en la literatura contemporánea."
481,Bell the Bell Jar,Sylvia Plath,9786139060484,Fiction,Literature & Fiction,Classic Fiction,2.5,501,Oxford University Press,1973,Repleta de personajes complejos y giros inesperados que no te dejarán soltar el libro.
482,Heroes of Olympus : The Lost Hero,Rick Riordan,9789258320672,Children & Young Adult,Children's Books,Fantasy,2.85,1093,Macmillan Publishers,1996,"Escrita con una prosa elegante, esta obra es un referente en la literatura contemporánea."
483,Heroes of Olympus : The Lost Hero,Rick Riordan,9781364622512,Children & Young Adult,Children's Books,Religion,2.85,811,Random House,1964,Repleta de personajes complejos y giros inesperados que no te dejarán soltar el libro.
484,Heroes of Olympus : The Lost Hero,Rick Riordan,9788641686225,Children & Young Adult,Children's Books,"Fairy Tales, Folk Tales & Myths",2.85,531,Hachette Livre,1970,Imprescindible para cualquier amante de la lectura; una historia que perdura en la memoria.
485,Heroes of Olympus : The Lost Hero,Rick Riordan,9787693898337,Children & Young Adult,Children's Books,Mysteries & Curiosities,2.85,988,Scholastic,1953,Una obra maestra que redefine el género y cautiva al lector desde la primera página.
486,US (REISSUE),David Nicholls,9785911665530,Education,Reference,Library & Information Science,9.56,699,Random House,2013,"Cautivadora desde el primer capítulo, con un desenlace que sorprende y conmueve."
487,Us: The Booker Prize-longlisted novel from the author of ONE DAY,David Nicholls,9780425979277,Fiction,Romance,Later in Life,3.08,831,Penguin Books,1976,Una novela que desafía convenciones y ofrece una perspectiva fresca y reveladora.
488,"Tuesdays With Morrie: An old man, a young man, and life's greatest lesson [Paperback] Albom, Mitch",Mitch Albom,9785211039249,Non-Fiction,History,Biographies & Autobiographies,2.17,679,Hachette Livre,1989,Repleta de personajes complejos y giros inesperados que no te dejarán soltar el libro.
489,"Tuesdays With Morrie: An old man, a young man, and life's greatest lesson [Paperback] Albom, Mitch",Mitch Albom,9784770538330,Non-Fiction,"Biographies, Diaries & True Accounts",Biographies & Autobiographies,2.17,580,Vintage Books,2001,"Cautivadora desde el primer capítulo, con un desenlace que sorprende y conmueve."
490,Keeper of Enchanted Rooms (Whimbrel House Book 1),Charlie N. Holmberg,9788792069801,Fiction,Romance,Paranormal,1.42,1158,Hachette Livre,1997,"Cautivadora desde el primer capítulo, con un desenlace que sorprende y conmueve."
491,The Inheritance Games,Jennifer Lynn Barnes,9784394070166,Children & Young Adult,Children's Books,"Family, Personal & Social Issues",3.31,627,Vintage Books,1983,Imprescindible para cualquier amante de la lectura; una historia que perdura en la memoria.
492,The Inheritance Games,Jennifer Lynn Barnes,9780463681572,Children & Young Adult,Children's Books,"Fantasy, Science Fiction & Horror",3.31,733,Vintage Books,1991,Repleta de personajes complejos y giros inesperados que no te dejarán soltar el libro.
493,The Inheritance Games,Jennifer Lynn Barnes,9782387800387,Children & Young Adult,Teen & Young Adult,Romance,3.31,1188,Bloomsbury Publishing,1953,Una obra maestra que redefine el género y cautiva al lector desde la primera página.
494,The Inheritance Games,Jennifer Lynn Barnes,9786205554388,Children & Young Adult,Children's Books,Mysteries & Curiosities,3.31,1111,Bloomsbury Publishing,1953,Repleta de personajes complejos y giros inesperados que no te dejarán soltar el libro.
495,The Inheritance Games,Jennifer Lynn Barnes,9786084325627,Children & Young Adult,Children's Books,Crime & Thriller,3.31,293,Hachette Livre,1992,"Cautivadora desde el primer capítulo, con un desenlace que sorprende y conmueve."
496,WE SHOULD ALL BE FEMINISTS,Chimamanda Ngozi Adichie,9789363926499,Fiction,Literature & Fiction,Essays,2.27,190,Simon & Schuster,1953,Una novela que desafía convenciones y ofrece una perspectiva fresca y reveladora.
497,God of Malice: A Dark College Romance (Legacy of Gods Book 1),Rina Kent,9782329832483,Fiction,Romance,Contemporary,4.07,789,Macmillan Publishers,2010,Una novela que desafía convenciones y ofrece una perspectiva fresca y reveladora.
498,God of Malice: A Dark College Romance (Legacy of Gods Book 1),Rina Kent,9789251881252,Fiction,Literature & Fiction,"Crime, Thriller & Mystery",4.07,921,Oxford University Press,1954,Un relato profundo y emotivo que explora la condición humana con maestría literaria.
499,God of Malice: A Dark College Romance (Legacy of Gods Book 1),Rina Kent,9786647423120,Fiction,Romance,Romantic Suspense,4.07,1075,Vintage Books,1968,Una novela que desafía convenciones y ofrece una perspectiva fresca y reveladora.
500,Attitude Is Everything: Change Your Attitude ... Change Your Life!,Jeff Keller,9789499939336,Lifestyle & Leisure,"Health, Family & Personal Development",Self-Help,1.73,652,Oxford University Press,2002,Un relato profundo y emotivo que explora la condición humana con maestría literaria.
501,Attitude Is Everything: Change Your Attitude ... Change Your Life!,Jeff Keller,9787289752674,Lifestyle & Leisure,"Health, Family & Personal Development",Personal Transformation,1.73,240,Hachette Livre,1955,Imprescindible para cualquier amante de la lectura; una historia que perdura en la memoria.
502,Diary of a Wimpy Kid: The Getaway,Jeff Kinney,9783306046334,Children & Young Adult,Children's Books,Comics & Graphic Novels,2.5,496,Bloomsbury Publishing,2019,Imprescindible para cualquier amante de la lectura; una historia que perdura en la memoria.
503,Diary of a Wimpy Kid: The Getaway,Jeff Kinney,9787975736606,Children & Young Adult,Children's Books,Growing Up & Facts of Life,2.5,360,Macmillan Publishers,1998,"Cautivadora desde el primer capítulo, con un desenlace que sorprende y conmueve."
504,Diary of a Wimpy Kid: The Getaway,Jeff Kinney,9786999880816,Children & Young Adult,Children's Books,Humour,2.5,1146,Penguin Books,2017,"Narración brillante que combina suspense, emoción y reflexión filosófica."
505,Everything I Know About Love : Now a Major BBC One Series,Dolly Alderton,9783886086809,Fiction,Literature & Fiction,Humour,4.47,552,Simon & Schuster,1971,"Escrita con una prosa elegante, esta obra es un referente en la literatura contemporánea."
506,Everything I Know About Love : Now a Major BBC One Series,Dolly Alderton,9786447264909,Non-Fiction,History,Biographies & Autobiographies,4.47,704,Scholastic,1970,Imprescindible para cualquier amante de la lectura; una historia que perdura en la memoria.
507,Everything I Know About Love : Now a Major BBC One Series,Dolly Alderton,9787181298266,Non-Fiction,"Biographies, Diaries & True Accounts",Biographies & Autobiographies,4.47,511,HarperCollins,1962,Un relato profundo y emotivo que explora la condición humana con maestría literaria.
508,Everything I Know About Love : Now a Major BBC One Series,Dolly Alderton,9780279371458,Non-Fiction,Society & Social Sciences,Society & Culture,4.47,331,Bloomsbury Publishing,1951,Un viaje apasionante a través de ideas que transforman la manera de ver el mundo.
509,Turtles All the Way Down,John Green,9781751868923,Children & Young Adult,Teen & Young Adult,Social & Family Issues,3.02,842,Bloomsbury Publishing,1994,Una novela que desafía convenciones y ofrece una perspectiva fresca y reveladora.
510,Turtles All the Way Down,John Green,9780259222202,Children & Young Adult,Teen & Young Adult,Romance,3.02,370,Macmillan Publishers,1978,"Narración brillante que combina suspense, emoción y reflexión filosófica."
511,"The Body Keeps the Score: Mind, Brain and Body in the Transformation of Trauma",Bessel van der Kolk,9787421230946,Non-Fiction,Religion,New Age & Spirituality,5.24,153,Vintage Books,1961,Un relato profundo y emotivo que explora la condición humana con maestría literaria.
512,Dog Man: A Graphic Novel (Dog Man #1): From the Creator of Captain Underpants: Volume 1,Dav Pilkey,9787809733971,Children & Young Adult,Children's Books,Fantasy,4.51,561,Bloomsbury Publishing,2003,Una novela que desafía convenciones y ofrece una perspectiva fresca y reveladora.
513,Dog Man 1,Dav Pilkey,9781990384982,Children & Young Adult,Children's Books,Comics & Graphic Novels,5.0,981,Vintage Books,1958,"Cautivadora desde el primer capítulo, con un desenlace que sorprende y conmueve."
514,Dog Man: A Graphic Novel (Dog Man #1): From the Creator of Captain Underpants: Volume 1,Dav Pilkey,9782050209945,Children & Young Adult,Teen & Young Adult,Science Fiction & Fantasy,4.51,1009,Penguin Books,1964,Repleta de personajes complejos y giros inesperados que no te dejarán soltar el libro.
515,THE MAIDENS: The instant Sunday Times bestseller from the author of The Silent Patient,Alex Michaelides,9781622499988,Fiction,"Fantasy, Horror & Science Fiction",Horror,3.56,313,Random House,2010,Una obra maestra que redefine el género y cautiva al lector desde la primera página.
516,REBECCA,Daphne Du Maurier,9785014556160,Fiction,Romance,Holidays,4.47,123,Scholastic,2009,"Cautivadora desde el primer capítulo, con un desenlace que sorprende y conmueve."
517,REBECCA,Daphne Du Maurier,9787214586834,Fiction,"Crime, Thriller & Mystery",Thrillers and Suspense,4.47,1101,Random House,2003,"Cautivadora desde el primer capítulo, con un desenlace que sorprende y conmueve."
518,"Who Moved My Cheese?: An Amazing Way to Deal with Change in Your Work and in Your Life [Paperback] Johnson, Dr Spencer",Dr Spencer Johnson,9781981794693,Business & Law,Business & Economics,Analysis & Strategy,1.65,149,Macmillan Publishers,2018,"Escrita con una prosa elegante, esta obra es un referente en la literatura contemporánea."
519,Peppa Pig: Little Library [Board book] Peppa Pig,,9789952997879,Children & Young Adult,Children's Books,Animals & Pets,2.2,633,Vintage Books,2006,Imprescindible para cualquier amante de la lectura; una historia que perdura en la memoria.
520,"""Dog Man Unleashed (Dog Man #2) From the Creator of Captain Underpants""",Dav Pilkey,9783430107137,Children & Young Adult,Children's Books,Comics & Graphic Novels,4.58,649,Scholastic,1967,Una novela que desafía convenciones y ofrece una perspectiva fresca y reveladora.
521,"BORN TO RUN: THE HIDDEN TRIBE, THE ULTRA-RUNNERS, AND THE GREATEST RACE THE WORLD HAS NEVER SEEN",Christopher McDougall,9780558303445,Lifestyle & Leisure,Sports,Athletics & Gymnastics,4.28,866,Simon & Schuster,1950,"Narración brillante que combina suspense, emoción y reflexión filosófica."
522,"Born to Run: A Hidden Tribe, Superathletes, and the Greatest Race the World Has Never Seen",Christopher Mcdougall,9788850155692,Lifestyle & Leisure,Sports,Athletics & Gymnastics,3.8,695,Vintage Books,1989,Un viaje apasionante a través de ideas que transforman la manera de ver el mundo.
523,"Born to Run: A Hidden Tribe, Superathletes, and the Greatest Race the World Has Never Seen",Christopher Mcdougall,9783557702720,Non-Fiction,Travel,Travel & Holiday Guides,3.8,253,Random House,2010,"Un clásico moderno que mezcla aventura, drama y crítica social de forma magistral."
524,"Born to Run: A Hidden Tribe, Superathletes, and the Greatest Race the World Has Never Seen",Christopher Mcdougall,9787608495883,Lifestyle & Leisure,Sports,Active Outdoor Pursuits,3.8,202,Random House,2010,"Narración brillante que combina suspense, emoción y reflexión filosófica."
525,A Long Walk to Water: International Bestseller Based on a True Story,Linda Sue Park,9785512405686,Children & Young Adult,Children's Books,Historical Fiction,2.63,651,Oxford University Press,1982,"Un clásico moderno que mezcla aventura, drama y crítica social de forma magistral."
526,The Devil Wears Black,L.J. Shen,9786291450460,Fiction,Romance,Alpha Male,1.42,866,Penguin Books,1966,Una obra maestra que redefine el género y cautiva al lector desde la primera página.
527,Bushcraft 101,Dave Canterbury,9785743842155,Lifestyle & Leisure,Sports,Active Outdoor Pursuits,4.95,1094,HarperCollins,1991,Repleta de personajes complejos y giros inesperados que no te dejarán soltar el libro.
528,Frankenstein,Mary Shelley,9787807823576,Fiction,"Fantasy, Horror & Science Fiction",Horror,2.02,118,Macmillan Publishers,2019,Una novela que desafía convenciones y ofrece una perspectiva fresca y reveladora.
529,Frankenstein (AmazonClassics Edition),Mary Shelley,9782182307680,Fiction,"Fantasy, Horror & Science Fiction",Horror,1.35,863,Random House,1996,Imprescindible para cualquier amante de la lectura; una historia que perdura en la memoria.
530,Life's Amazing Secrets: How to Find Balance and Purpose in Your Life,Gaur Gopal Das,9780915701840,Non-Fiction,Religion,Religious Studies,11.06,867,Oxford University Press,1962,Una obra maestra que redefine el género y cautiva al lector desde la primera página.
531,Life's Amazing Secrets: How to Find Balance and Purpose in Your Life,Gaur Gopal Das,9783533448571,Fiction,Literature & Fiction,Essays,11.06,989,Hachette Livre,2011,Un viaje apasionante a través de ideas que transforman la manera de ver el mundo.
532,Life’s Amazing Secrets: How to Find Balance and Purpose in Your Life,Gaur Gopal Das,9782410988135,Fiction,Literature & Fiction,Essays,1.55,170,Bloomsbury Publishing,2013,"Narración brillante que combina suspense, emoción y reflexión filosófica."
533,LIFES AMAZING SECRETS,Gaur Gopal Das,9785424932146,Lifestyle & Leisure,"Health, Family & Personal Development",Personal Transformation,2.28,539,Random House,2023,"Narración brillante que combina suspense, emoción y reflexión filosófica."
534,LIFES AMAZING SECRETS,Gaur Gopal Das,9787020701608,Lifestyle & Leisure,"Health, Family & Personal Development",Self-Help,2.28,501,Hachette Livre,1975,Repleta de personajes complejos y giros inesperados que no te dejarán soltar el libro.
535,LIFES AMAZING SECRETS,Gaur Gopal Das,9782997954539,Non-Fiction,Religion,Religious Studies,2.28,856,Penguin Books,1966,"Escrita con una prosa elegante, esta obra es un referente en la literatura contemporánea."
536,The Temporary Wife: Luca and Valentina's Story (The Windsors),Catharina Maura,9789217174771,Fiction,Romance,Contemporary,4.22,457,Random House,1978,Una novela que desafía convenciones y ofrece una perspectiva fresca y reveladora.
537,He's Not My Type,Meghan  Quinn,9789456255774,Fiction,Romance,Sports,4.58,962,Simon & Schuster,2015,Una obra maestra que redefine el género y cautiva al lector desde la primera página.
538,Magnus Chase and The Sword of Summer (Bo,Rick Riordan,9781577245994,Children & Young Adult,Children's Books,"Fairy Tales, Folk Tales & Myths",2.85,1170,Random House,1966,"Narración brillante que combina suspense, emoción y reflexión filosófica."
539,Magnus Chase and The Sword of Summer (Bo,Rick Riordan,9786158148762,Children & Young Adult,Children's Books,Fantasy,2.85,187,Macmillan Publishers,1968,Repleta de personajes complejos y giros inesperados que no te dejarán soltar el libro.
540,Magnus Chase and The Sword of Summer (Bo,Rick Riordan,9789382761533,Children & Young Adult,Children's Books,Religion,2.85,704,Macmillan Publishers,1978,Un relato profundo y emotivo que explora la condición humana con maestría literaria.
541,Same Time Next Year: A Novella,Tessa Bailey,9789583219716,Fiction,Romance,Workplace Romance,0.76,144,HarperCollins,1960,Una novela que desafía convenciones y ofrece una perspectiva fresca y reveladora.
542,Same Time Next Year: A Novella,Tessa Bailey,9785817246197,Fiction,Romance,Holidays,0.76,1189,Random House,1962,"Un clásico moderno que mezcla aventura, drama y crítica social de forma magistral."
543,Same Time Next Year: A Novella,Tessa Bailey,9785701329024,Fiction,Romance,Contemporary,0.76,792,Simon & Schuster,2001,Una obra maestra que redefine el género y cautiva al lector desde la primera página.
544,It's Not Summer Without You : Book 2 in the Summer I Turned Pretty Series,Jenny Han,9784699733545,Children & Young Adult,Teen & Young Adult,Social & Family Issues,3.31,133,Simon & Schuster,1986,Imprescindible para cualquier amante de la lectura; una historia que perdura en la memoria.
545,"Good Girl, Bad Blood - The Sunday Times Bestseller And Seque",Holly Jackson,9785190986245,Children & Young Adult,Teen & Young Adult,Romance,3.07,768,Bloomsbury Publishing,1963,"Cautivadora desde el primer capítulo, con un desenlace que sorprende y conmueve."
546,"Good Girl, Bad Blood: TikTok made me buy it! The Sunday Times Bestseller and sequel to A Good Girl's Guide to Murder (A Good Girl’s Guide to Murder, Book 2)",Holly Jackson,9780085140361,Children & Young Adult,Teen & Young Adult,Romance,2.92,617,HarperCollins,1981,Una obra maestra que redefine el género y cautiva al lector desde la primera página.
547,"Good Girl, Bad Blood - The Sunday Times Bestseller And Seque",Holly Jackson,9786666832725,Fiction,Literature & Fiction,"Crime, Thriller & Mystery",3.07,523,Simon & Schuster,1978,"Cautivadora desde el primer capítulo, con un desenlace que sorprende y conmueve."
548,SORROW AND BLISS: A BBC Two Between the Covers pick,Meg Mason,9785624220101,Education,Higher Education Textbooks,Social Sciences,5.49,136,Random House,1982,Una obra maestra que redefine el género y cautiva al lector desde la primera página.
549,The Day The Crayons Quit,Drew Daywalt,9782126796929,Children & Young Adult,Children's Books,Humour,3.42,778,Scholastic,1973,"Narración brillante que combina suspense, emoción y reflexión filosófica."
550,Start With Why,SINEK SIMON,9788765326905,Non-Fiction,Society & Social Sciences,Society & Culture,4.39,968,Oxford University Press,1988,"Escrita con una prosa elegante, esta obra es un referente en la literatura contemporánea."
551,Start with Why: How Great Leaders Inspire Everyone To Take Action,Simon Sinek,9788468950098,Non-Fiction,Society & Social Sciences,Society & Culture,9.77,955,Penguin Books,1992,Un viaje apasionante a través de ideas que transforman la manera de ver el mundo.
552,Start With Why,SINEK SIMON,9789712847815,Business & Law,Business & Economics,Analysis & Strategy,4.39,196,Hachette Livre,2009,Repleta de personajes complejos y giros inesperados que no te dejarán soltar el libro.
553,NINTH HOUSE: By the author of Shadow and Bone – now a Netflix Original Series,Leigh Bardugo,9783718949051,Fiction,"Fantasy, Horror & Science Fiction",Horror,4.28,303,Random House,2016,"Escrita con una prosa elegante, esta obra es un referente en la literatura contemporánea."
554,Throttled (Dirty Air Series Book 1),Lauren Asher,9787879565448,Fiction,Romance,Sports,4.56,874,Oxford University Press,2016,"Escrita con una prosa elegante, esta obra es un referente en la literatura contemporánea."
555,Wuthering Heights,Emily Brontë,9784940792901,Fiction,Romance,Romantic Suspense,1.09,668,HarperCollins,2023,Una obra maestra que redefine el género y cautiva al lector desde la primera página.
556,Will,Will Smith,9784712814426,Lifestyle & Leisure,"Arts, Film & Photography",Theater & Ballet,5.2,1175,Hachette Livre,1984,"Narración brillante que combina suspense, emoción y reflexión filosófica."
557,Will,Will Smith,9784019292752,Lifestyle & Leisure,"Arts, Film & Photography",Cinema & Broadcast,12.02,1029,Scholastic,1966,"Escrita con una prosa elegante, esta obra es un referente en la literatura contemporánea."
558,"The Hitchhiker's Guide to the Galaxy: 42nd Anniversary Edition (The Hitchhiker's Guide to the Galaxy, 1)",Douglas Adams,9787280512925,Children & Young Adult,Teen & Young Adult,Science Fiction & Fantasy,3.63,948,Bloomsbury Publishing,1991,Una novela que desafía convenciones y ofrece una perspectiva fresca y reveladora.
559,"The Hitchhiker's Guide to the Galaxy: 42nd Anniversary Edition (The Hitchhiker's Guide to the Galaxy, 1)",Douglas Adams,9783723950415,Children & Young Adult,Children's Books,Fantasy,3.63,1142,Simon & Schuster,2004,Una novela que desafía convenciones y ofrece una perspectiva fresca y reveladora.
560,Hitchhiker's Guide to the Galaxy,Douglas Adams,9786747836672,Fiction,Literature & Fiction,"Fantasy, Horror & Science Fiction",3.55,612,Hachette Livre,1997,"Un clásico moderno que mezcla aventura, drama y crítica social de forma magistral."
561,Hitchhiker's Guide to the Galaxy,Douglas Adams,9786047658012,Fiction,"Fantasy, Horror & Science Fiction",Fantasy,3.55,412,Bloomsbury Publishing,1968,"Escrita con una prosa elegante, esta obra es un referente en la literatura contemporánea."
562,"The Hitchhiker's Guide to the Galaxy: 42nd Anniversary Edition (The Hitchhiker's Guide to the Galaxy, 1)",Douglas Adams,9789454414967,Fiction,Literature & Fiction,Humour,3.63,860,Hachette Livre,1954,"Escrita con una prosa elegante, esta obra es un referente en la literatura contemporánea."
563,"Next in Line : The latest book from the Sunday Times bestselling author, the must-read new crime-thriller of 2022 (William Warwick Novels): The ... from the Sunday Times bestselling author.",Jeffrey Archer,9783852580013,Fiction,"Crime, Thriller & Mystery",Thrillers and Suspense,3.67,1037,Simon & Schuster,1999,Una novela que desafía convenciones y ofrece una perspectiva fresca y reveladora.
564,Factfulness,Hans Rosling,9788175344307,Non-Fiction,Society & Social Sciences,Anthropology,4.28,567,HarperCollins,1956,Imprescindible para cualquier amante de la lectura; una historia que perdura en la memoria.
565,Outliers: The Story of Success,Malcolm Gladwell,9780939111926,Non-Fiction,Society & Social Sciences,Anthropology,5.5,350,Bloomsbury Publishing,1975,Una novela que desafía convenciones y ofrece una perspectiva fresca y reveladora.
566,Kitchen Confidential,Anthony Bourdain,9781244717467,Lifestyle & Leisure,"Crafts, Home & Lifestyle","Food, Drink & Entertaining",4.16,111,Random House,1973,"Narración brillante que combina suspense, emoción y reflexión filosófica."
567,We'll Always Have Summer : Book 3 in the Summer I Turned Pretty Series,Jenny Han,9781406650446,Children & Young Adult,Teen & Young Adult,Romance,3.21,654,Oxford University Press,1951,"Un clásico moderno que mezcla aventura, drama y crítica social de forma magistral."
568,King of Greed: the instant Sunday Times bestseller - fall into a world of addictive romance . . . (Kings of Sin),Ana Huang,9787396271281,Fiction,Romance,Enemies to Lovers,2.1,641,Random House,1968,Un viaje apasionante a través de ideas que transforman la manera de ver el mundo.
569,One Day With You: THE NUMBER ONE BESTSELLER,Shari Low,9781741011944,Fiction,Romance,Later in Life,1.21,255,Bloomsbury Publishing,1954,Repleta de personajes complejos y giros inesperados que no te dejarán soltar el libro.
570,DOG MAN #03: A TALE OF TWO KITTIES,Dav Pilkey,9782006425699,Children & Young Adult,Children's Books,Comics & Graphic Novels,4.62,591,Oxford University Press,1980,"Narración brillante que combina suspense, emoción y reflexión filosófica."
571,Offside (Rules of the Game),Avery Keelan,9787661830678,Fiction,Romance,Sports,4.58,1191,Macmillan Publishers,1970,"Narración brillante que combina suspense, emoción y reflexión filosófica."
572,Inner Engineering: A Yogi’s Guide to Joy - English [Paperback] Sadhguru,Sadhguru,9785546015859,Non-Fiction,Religion,Religious Studies,2.16,685,Bloomsbury Publishing,2000,Un relato profundo y emotivo que explora la condición humana con maestría literaria.
573,Inner Engineering: A Yogi’s Guide to Joy,Sadhguru,9783280634610,Fiction,Literature & Fiction,Essays,1.96,771,Vintage Books,1991,Repleta de personajes complejos y giros inesperados que no te dejarán soltar el libro.
574,Inner Engineering: A Yogi’s Guide to Joy - English [Paperback] Sadhguru,Sadhguru,9787320309371,Non-Fiction,Religion,New Age & Spirituality,2.16,888,Bloomsbury Publishing,1951,Un relato profundo y emotivo que explora la condición humana con maestría literaria.
575,Big Magic,Elizabeth Gilbert,9784787005057,Fiction,Literature & Fiction,Essays,3.56,159,Scholastic,2023,Una novela que desafía convenciones y ofrece una perspectiva fresca y reveladora.
576,Crying in H Mart,Michelle Zauner,9783878293104,Non-Fiction,Society & Social Sciences,Ethnography,4.4,641,HarperCollins,2011,"Un clásico moderno que mezcla aventura, drama y crítica social de forma magistral."
577,Diary of a Wimpy Kid - 6: Cabin Fever [Paperback] Jeff Kinney,Jeff Kinney,9787903202042,Children & Young Adult,Children's Books,Holidays & Celebrations,2.57,820,Oxford University Press,2011,Un relato profundo y emotivo que explora la condición humana con maestría literaria.
578,Diary of a Wimpy Kid: Cabin Fever (Book 6): Special Disney + Cover Edition,Jeff Kinney,9782911179932,Children & Young Adult,Children's Books,Holidays & Celebrations,2.5,630,Hachette Livre,1994,Una obra maestra que redefine el género y cautiva al lector desde la primera página.
579,Diary of a Wimpy Kid: Cabin Fever (Book 6),Jeff Kinney,9785651982531,Children & Young Adult,Children's Books,Holidays & Celebrations,1.7,593,Vintage Books,1974,Imprescindible para cualquier amante de la lectura; una historia que perdura en la memoria.
580,Diary of a Wimpy Kid - 6: Cabin Fever [Paperback] Jeff Kinney,Jeff Kinney,9785114262582,Children & Young Adult,Children's Books,Geography & Cultures,2.57,105,Penguin Books,2023,Un relato profundo y emotivo que explora la condición humana con maestría literaria.
581,Diary of a Wimpy Kid - 6: Cabin Fever [Paperback] Jeff Kinney,Jeff Kinney,9789021962077,Children & Young Adult,Children's Books,Growing Up & Facts of Life,2.57,334,Simon & Schuster,2001,Un viaje apasionante a través de ideas que transforman la manera de ver el mundo.
582,Diary of a Wimpy Kid - 6: Cabin Fever [Paperback] Jeff Kinney,Jeff Kinney,9782194672323,Children & Young Adult,Children's Books,Comics & Graphic Novels,2.57,708,Vintage Books,2007,Un relato profundo y emotivo que explora la condición humana con maestría literaria.
583,Diary of a Wimpy Kid - 6: Cabin Fever [Paperback] Jeff Kinney,Jeff Kinney,9786329092795,Children & Young Adult,Children's Books,Humour,2.57,737,Random House,1977,Imprescindible para cualquier amante de la lectura; una historia que perdura en la memoria.
584,Diary of a Wimpy Kid - 6: Cabin Fever [Paperback] Jeff Kinney,Jeff Kinney,9786083318194,Children & Young Adult,Children's Books,"Fantasy, Science Fiction & Horror",2.57,621,Simon & Schuster,2008,Una novela que desafía convenciones y ofrece una perspectiva fresca y reveladora.
585,"Brief History Of Time, A (L)",Stephen Hawking,9783734031279,Science & Technology,"Sciences, Technology & Medicine",Astronomy,3.31,446,Oxford University Press,1983,Un relato profundo y emotivo que explora la condición humana con maestría literaria.
586,A Brief History of Time: From Big Bang to Black Holes,Stephen Hawking,9780054364590,Science & Technology,"Sciences, Technology & Medicine",Astronomy,9.02,988,Oxford University Press,2019,Imprescindible para cualquier amante de la lectura; una historia que perdura en la memoria.
587,All the Bright Places,,9780822078112,Children & Young Adult,Teen & Young Adult,Romance,3.31,1027,Oxford University Press,2006,"Cautivadora desde el primer capítulo, con un desenlace que sorprende y conmueve."
588,"Grandma's Bag of Stories: Special Edition: An Illustrated, Gift Edition of India’s Bestselling Children’s Book",Sudha Murty,9789563531534,Children & Young Adult,Children's Books,"Fairy Tales, Folk Tales & Myths",5.16,115,Scholastic,1965,Un viaje apasionante a través de ideas que transforman la manera de ver el mundo.
589,"Grandma's Bag of Stories: Special Edition: An Illustrated, Gift Edition of India’s Bestselling Children’s Book",Sudha Murty,9783631797060,Children & Young Adult,Children's Books,Growing Up & Facts of Life,5.16,980,Penguin Books,1985,Un relato profundo y emotivo que explora la condición humana con maestría literaria.
590,"Grandma's Bag of Stories: Collection of 20+ Illustrated short stories, traditional Indian folk tales for all ages for children of all ages by Sudha Murty [Paperback] Sudha Murty",Murty Sudha,9787265273541,Children & Young Adult,Children's Books,Literature & Fiction,1.89,98,Vintage Books,2015,Un relato profundo y emotivo que explora la condición humana con maestría literaria.
591,"Grandma's Bag of Stories: Collection of 20+ Illustrated short stories, traditional Indian folk tales for all ages for children of all ages by Sudha Murty [Paperback] Sudha Murty",Murty Sudha,9780904217762,Children & Young Adult,Children's Books,Traditional Stories,1.89,1035,Vintage Books,1993,Una obra maestra que redefine el género y cautiva al lector desde la primera página.
592,"Ram - Scion Of Ikshvaku (Ram Chandra Series Book 1) (Ram Chandra, 1)",Amish Tripathi,9784929298316,Fiction,Literature & Fiction,"Myths, Legends & Sagas",3.29,155,Bloomsbury Publishing,1993,Una obra maestra que redefine el género y cautiva al lector desde la primera página.
593,Black Ties and White Lies: A Billionaire Fake Fiance Romance (Black Tie Billionaires),Kat Singleton,9783977406332,Fiction,Romance,Contemporary,3.21,814,HarperCollins,1973,Una novela que desafía convenciones y ofrece una perspectiva fresca y reveladora.
594,Black Ties and White Lies: A Billionaire Fake Fiance Romance (Black Tie Billionaires),Kat Singleton,9783929060074,Fiction,Romance,Romantic Suspense,3.21,1063,Simon & Schuster,1982,"Cautivadora desde el primer capítulo, con un desenlace que sorprende y conmueve."
595,Make You Bed,William H. McRaven,9788671773187,Non-Fiction,"Biographies, Diaries & True Accounts",Biographies & Autobiographies,2.3,526,Random House,1993,Un relato profundo y emotivo que explora la condición humana con maestría literaria.
596,Make You Bed,William H. McRaven,9782543107421,Business & Law,Business & Economics,Analysis & Strategy,2.3,916,Hachette Livre,2012,Imprescindible para cualquier amante de la lectura; una historia que perdura en la memoria.
597,Make You Bed,William H. McRaven,9780772625704,Non-Fiction,Religion,New Age & Spirituality,2.3,199,Simon & Schuster,2020,"Cautivadora desde el primer capítulo, con un desenlace que sorprende y conmueve."
598,Make You Bed,William H. McRaven,9788046498934,Non-Fiction,History,Biographies & Autobiographies,2.3,242,Penguin Books,2008,Repleta de personajes complejos y giros inesperados que no te dejarán soltar el libro.
599,Open: An Autobiography,Andre Agassi,9780850165797,Lifestyle & Leisure,Sports,Training & Coaching,2.75,646,Simon & Schuster,1962,Una novela que desafía convenciones y ofrece una perspectiva fresca y reveladora.
600,"Unnatural Causes: 'An absolutely brilliant book. I really recommend it, I don't often say that' Jeremy Vine, BBC Radio 2 [Paperback] Shepherd, Richard",Dr Richard Shepherd,9782818325381,Science & Technology,Medicine & Health Sciences,Administration & Policy,9.71,723,Macmillan Publishers,1993,Un relato profundo y emotivo que explora la condición humana con maestría literaria.
601,"Dante: A Dark Mafia, Enemies to Lovers Romance (Chicago Ruthless Book 1)",Sadie  Kincaid,9783355486409,Fiction,Romance,Enemies to Lovers,4.56,211,Bloomsbury Publishing,2016,"Cautivadora desde el primer capítulo, con un desenlace que sorprende y conmueve."
602,Give Me More (Salacious Players' Club),Sara Cate,9787788178847,Fiction,Romance,Alpha Male,4.58,982,HarperCollins,1983,Un relato profundo y emotivo que explora la condición humana con maestría literaria.
603,Endurance: Shackleton's Incredible Voyage,Alfred Lansing,9781371162419,Science & Technology,"Sciences, Technology & Medicine",Transportation & Automotive,13.52,448,Oxford University Press,1958,Una obra maestra que redefine el género y cautiva al lector desde la primera página.
604,Endurance: Shackleton's Incredible Voyage,Alfred Lansing,9781272380468,Lifestyle & Leisure,Sports,Winter Sports,13.52,608,Bloomsbury Publishing,1996,Imprescindible para cualquier amante de la lectura; una historia que perdura en la memoria.
605,The Secret Garden,Frances Hodgson Burnett,9785670431036,Children & Young Adult,Children's Books,"Crafts, Hobbies & Practical Interests",1.53,645,Random House,2004,Un viaje apasionante a través de ideas que transforman la manera de ver el mundo.
606,The Secret Garden,Frances Hodgson Burnett,9789557988774,Fiction,Literature & Fiction,Classic Fiction,1.53,611,Bloomsbury Publishing,1953,Un relato profundo y emotivo que explora la condición humana con maestría literaria.
607,Hideaway (Devil's Night Book 2),Penelope Douglas,9784243754029,Fiction,Romance,New Adult & College,3.65,1093,Random House,2019,Imprescindible para cualquier amante de la lectura; una historia que perdura en la memoria.
608,Hideaway (Devil's Night Book 2),Penelope Douglas,9782928422225,Fiction,Romance,Enemies to Lovers,3.65,340,Macmillan Publishers,1966,Un relato profundo y emotivo que explora la condición humana con maestría literaria.
609,The Unwanted Marriage: Dion and Faye's Story (The Windsors),Catharina Maura,9785927452387,Fiction,Romance,Contemporary,2.19,545,Macmillan Publishers,1962,Un relato profundo y emotivo que explora la condición humana con maestría literaria.
610,The Complete Novel of Sherlock Holmes,Arthur Conan Doyle,9782578284108,Fiction,Literature & Fiction,"Crime, Thriller & Mystery",1.86,437,Bloomsbury Publishing,1979,Una obra maestra que redefine el género y cautiva al lector desde la primera página.
611,The Complete Novel of Sherlock Holmes,Arthur Conan Doyle,9787520885473,Lifestyle & Leisure,"Arts, Film & Photography",Cinema & Broadcast,1.86,380,Hachette Livre,2008,"Escrita con una prosa elegante, esta obra es un referente en la literatura contemporánea."
612,The Complete Novel of Sherlock Holmes,Arthur Conan Doyle,9789751702818,Fiction,Literature & Fiction,Classic Fiction,1.86,181,Penguin Books,1964,Un viaje apasionante a través de ideas que transforman la manera de ver el mundo.
613,The Wright Brothers,David McCullough,9789375150930,Science & Technology,"Sciences, Technology & Medicine",Transportation & Automotive,4.55,556,Macmillan Publishers,1965,Un viaje apasionante a través de ideas que transforman la manera de ver el mundo.
614,Into Thin Air: A Personal Account of the Everest Disaster (Picador Collection Book 111),Jon Krakauer,9784301871863,Lifestyle & Leisure,Sports,Active Outdoor Pursuits,2.82,314,Bloomsbury Publishing,2020,Una obra maestra que redefine el género y cautiva al lector desde la primera página.
615,Into Thin Air,Jon Krakauer,9789980562655,Lifestyle & Leisure,Sports,Active Outdoor Pursuits,6.26,158,Random House,1987,Un relato profundo y emotivo que explora la condición humana con maestría literaria.
616,Matilda: Special Edition,Roald Dahl,9784554781379,Children & Young Adult,Children's Books,"Fantasy, Science Fiction & Horror",2.85,457,Random House,1966,"Escrita con una prosa elegante, esta obra es un referente en la literatura contemporánea."
617,Matilda: Special Edition,Roald Dahl,9782662991239,Children & Young Adult,Children's Books,Fantasy,2.85,1117,Bloomsbury Publishing,1994,Una novela que desafía convenciones y ofrece una perspectiva fresca y reveladora.
618,Matilda: Special Edition,Roald Dahl,9785196106465,Children & Young Adult,Children's Books,Growing Up & Facts of Life,2.85,981,Scholastic,1989,"Un clásico moderno que mezcla aventura, drama y crítica social de forma magistral."
619,Matilda: Special Edition,Roald Dahl,9789232648706,Children & Young Adult,Children's Books,Humour,2.85,729,HarperCollins,2007,Un viaje apasionante a través de ideas que transforman la manera de ver el mundo.
620,"The Phoenix Project: A Novel about It, Devops, and Helping Your Business Win",Gene Kim,9787873002441,Business & Law,Business & Economics,Industries,17.49,165,Hachette Livre,2005,Repleta de personajes complejos y giros inesperados que no te dejarán soltar el libro.
621,The Immortals of Meluha,Amish Tripathi,9786273014714,Fiction,Literature & Fiction,"Fantasy, Horror & Science Fiction",2.31,546,HarperCollins,2020,Un viaje apasionante a través de ideas que transforman la manera de ver el mundo.
622,The Immortals of Meluha,Amish Tripathi,9787964715890,Fiction,"Fantasy, Horror & Science Fiction",Fantasy,2.31,204,Oxford University Press,1960,Repleta de personajes complejos y giros inesperados que no te dejarán soltar el libro.
623,"The Immortals of Meluha (Shiva Trilogy Book 1) (Shiva, 1)",Amish Tripathi,9789025725205,Fiction,"Fantasy, Horror & Science Fiction",Fantasy,3.16,610,HarperCollins,2014,"Cautivadora desde el primer capítulo, con un desenlace que sorprende y conmueve."
624,"The Immortals of Meluha (Shiva Trilogy Book 1) (Shiva, 1)",Amish Tripathi,9785044818321,Fiction,Literature & Fiction,"Fantasy, Horror & Science Fiction",3.16,607,Bloomsbury Publishing,1973,Imprescindible para cualquier amante de la lectura; una historia que perdura en la memoria.
625,The Immortals of Meluha,Amish Tripathi,9788554451890,Fiction,Literature & Fiction,"Myths, Legends & Sagas",2.31,113,Penguin Books,2000,Repleta de personajes complejos y giros inesperados que no te dejarán soltar el libro.
626,"The Immortals of Meluha (Shiva Trilogy Book 1) (Shiva, 1)",Amish Tripathi,9782845765213,Fiction,Literature & Fiction,"Myths, Legends & Sagas",3.16,803,Random House,2015,"Narración brillante que combina suspense, emoción y reflexión filosófica."
627,The Edens: Juniper Hill (Book 2): (The Edens #2),Devney Perry,9783389888169,Fiction,Romance,Western & Frontier,4.16,1186,Oxford University Press,1974,"Cautivadora desde el primer capítulo, con un desenlace que sorprende y conmueve."
628,Picture Books Collection for Early Learning (Set of 12),E C Axus,9782075452790,Children & Young Adult,Children's Books,Picture Books,2.63,171,Random House,1968,Una obra maestra que redefine el género y cautiva al lector desde la primera página.
629,Code Name Bananas: The hilarious and epic children’s book from multi-million bestselling author David Walliams,David Walliams,9784013223427,Children & Young Adult,Children's Books,Historical Fiction,3.02,560,Vintage Books,1978,Repleta de personajes complejos y giros inesperados que no te dejarán soltar el libro.
630,THE 48 LAWS OF POWER,Robert Greene,9786110760310,Lifestyle & Leisure,"Health, Family & Personal Development",Self-Help,6.15,796,Scholastic,1952,Imprescindible para cualquier amante de la lectura; una historia que perdura en la memoria.
631,THE 48 LAWS OF POWER,Robert Greene,9780714014017,Lifestyle & Leisure,"Health, Family & Personal Development",Personal Transformation,6.15,303,Bloomsbury Publishing,1975,"Un clásico moderno que mezcla aventura, drama y crítica social de forma magistral."
632,THE 48 LAWS OF POWER,Robert Greene,9789325012493,Non-Fiction,Society & Social Sciences,Society & Culture,6.15,238,Hachette Livre,1995,Una obra maestra que redefine el género y cautiva al lector desde la primera página.
633,THE 48 LAWS OF POWER,Robert Greene,9788938911902,Non-Fiction,Religion,New Age & Spirituality,6.15,1118,Penguin Books,2017,Un relato profundo y emotivo que explora la condición humana con maestría literaria.
634,Diary of a Wimpy Kid (3) : The Last Straw,Jeff Kinney,9784280138758,Children & Young Adult,Children's Books,Comics & Graphic Novels,2.5,988,Hachette Livre,1969,Imprescindible para cualquier amante de la lectura; una historia que perdura en la memoria.
635,Diary of a Wimpy Kid (3) : The Last Straw,Jeff Kinney,9781256638361,Children & Young Adult,Children's Books,"Fantasy, Science Fiction & Horror",2.5,311,Bloomsbury Publishing,2022,Un viaje apasionante a través de ideas que transforman la manera de ver el mundo.
636,Diary of a Wimpy Kid (3) : The Last Straw,Jeff Kinney,9787182754807,Children & Young Adult,Children's Books,Humour,2.5,1126,Bloomsbury Publishing,2017,"Narración brillante que combina suspense, emoción y reflexión filosófica."
637,Diary of a Wimpy Kid (3) : The Last Straw,Jeff Kinney,9781647947381,Children & Young Adult,Children's Books,Growing Up & Facts of Life,2.5,238,Penguin Books,2017,Imprescindible para cualquier amante de la lectura; una historia que perdura en la memoria.
638,THE LINCOLN LAWYER: MICKEY HALLER BOOK 1 (Mickey Haller Series),Michael Connelly,9783175207162,Science & Technology,"Sciences, Technology & Medicine",Transportation & Automotive,4.78,565,Macmillan Publishers,1956,"Un clásico moderno que mezcla aventura, drama y crítica social de forma magistral."
639,Siddhartha,Hermann Hesse,9781266912154,Non-Fiction,Religion,New Age & Spirituality,1.09,497,Bloomsbury Publishing,2018,"Cautivadora desde el primer capítulo, con un desenlace que sorprende y conmueve."
640,Siddhartha (Deluxe Hardbound Edition),Hermann Hesse,9789613674993,Non-Fiction,Religion,Buddhism,0.18,747,Macmillan Publishers,1996,Un viaje apasionante a través de ideas que transforman la manera de ver el mundo.
641,Siddhartha | Hermann Hesse | International bestseller book,Harmann hesse,9787967842717,Non-Fiction,Religion,Buddhism,1.08,840,HarperCollins,2019,Un relato profundo y emotivo que explora la condición humana con maestría literaria.
642,Siddhartha,Hermann Hesse,9787320101700,Fiction,Literature & Fiction,Classic Fiction,1.09,931,Vintage Books,1979,Un relato profundo y emotivo que explora la condición humana con maestría literaria.
643,Bound by Honor (Born in Blood Mafia Chronicles Book 1),Cora Reilly,9785249911878,Fiction,Romance,Alpha Male,3.23,226,Hachette Livre,2017,Un viaje apasionante a través de ideas que transforman la manera de ver el mundo.
644,Bound by Honor (Born in Blood Mafia Chronicles Book 1),Cora Reilly,9787784858808,Fiction,Romance,Enemies to Lovers,3.23,953,Scholastic,1971,Imprescindible para cualquier amante de la lectura; una historia que perdura en la memoria.
645,Indigo Ridge: (The Edens #1),Devney Perry,9786756770026,Fiction,Romance,Small Town Romance,4.15,659,Oxford University Press,1997,Una novela que desafía convenciones y ofrece una perspectiva fresca y reveladora.
646,Little Blue Truck,Alice Schertle,9787624671970,Children & Young Adult,Children's Books,"Cars, Trains & Things That Go",7.34,373,Hachette Livre,1970,Un viaje apasionante a través de ideas que transforman la manera de ver el mundo.
647,Little Blue Truck,Alice Schertle,9787782806475,Children & Young Adult,Children's Books,Geography & Cultures,7.34,130,Oxford University Press,1962,Imprescindible para cualquier amante de la lectura; una historia que perdura en la memoria.
648,The Body: A Guide for Occupants,Bill Bryson,9785450090256,Science & Technology,"Sciences, Technology & Medicine",Biology & Life Sciences,7.93,748,Scholastic,1971,"Escrita con una prosa elegante, esta obra es un referente en la literatura contemporánea."
649,The Body : A Guide for Occupants - THE SUNDAY TIMES NO.1 BESTSELLER,Bill Bryson,9785616556506,Non-Fiction,Society & Social Sciences,Society & Culture,5.11,817,Oxford University Press,1978,"Cautivadora desde el primer capítulo, con un desenlace que sorprende y conmueve."
650,The Body : A Guide for Occupants - THE SUNDAY TIMES NO.1 BESTSELLER,Bill Bryson,9784911415208,Science & Technology,"Sciences, Technology & Medicine",Biology & Life Sciences,5.11,766,HarperCollins,1969,"Narración brillante que combina suspense, emoción y reflexión filosófica."
651,Beauty and the Baller (Strangers in Love),Ilsa Madden-Mills,9787698640791,Fiction,Romance,Small Town Romance,1.42,915,Random House,2019,"Cautivadora desde el primer capítulo, con un desenlace que sorprende y conmueve."
652,My Temptation (Kingston Lane Book 1),T L Swan,9789659171350,Fiction,Romance,New Adult & College,1.42,847,Bloomsbury Publishing,2004,"Escrita con una prosa elegante, esta obra es un referente en la literatura contemporánea."
653,Shrimad Bhagwat Geeta Yatharoop,A.C. Bhaktivendanta Swami Prabhupada,9782945637184,Non-Fiction,Religion,Hinduism,2.2,1043,Scholastic,1975,"Un clásico moderno que mezcla aventura, drama y crítica social de forma magistral."
654,Shrimad Bhagwat Geeta Yatharoop,A.C. Bhaktivendanta Swami Prabhupada,9780496391918,Education,Reference,Encyclopaedias & Reference Works,2.2,682,Bloomsbury Publishing,1985,"Narración brillante que combina suspense, emoción y reflexión filosófica."
655,Barbarian Alien: A SciFi Alien Romance (Ice Planet Barbarians Book 2),Ruby Dixon,9781987635140,Fiction,Romance,Science Fiction,3.6,143,HarperCollins,1956,Un viaje apasionante a través de ideas que transforman la manera de ver el mundo.
656,"Book With No Pictures, The",B. J. Novak,9788536649872,Children & Young Adult,Children's Books,Humour,2.85,408,Random House,2001,"Escrita con una prosa elegante, esta obra es un referente en la literatura contemporánea."
657,NERO: Alliance Series Book One,S.J. Tilly,9788297374898,Fiction,Romance,Action & Adventure,4.56,834,Penguin Books,1987,"Narración brillante que combina suspense, emoción y reflexión filosófica."
658,One Of Us Is Next,Karen M. McManus,9788357232460,Children & Young Adult,Children's Books,Mysteries & Curiosities,3.31,171,Oxford University Press,1999,Una novela que desafía convenciones y ofrece una perspectiva fresca y reveladora.
659,One Of Us Is Next,Karen M. McManus,9783644249369,Children & Young Adult,Teen & Young Adult,Romance,3.31,675,Vintage Books,2016,Un viaje apasionante a través de ideas que transforman la manera de ver el mundo.
660,One Of Us Is Next,Karen M. McManus,9783034778663,Children & Young Adult,Children's Books,Crime & Thriller,3.31,387,Macmillan Publishers,2003,"Un clásico moderno que mezcla aventura, drama y crítica social de forma magistral."
661,Prisoners of Geography,Tim Marshall,9784204482078,Non-Fiction,Politics,International Relations & Globalization,9.47,132,Simon & Schuster,2010,Una obra maestra que redefine el género y cautiva al lector desde la primera página.
662,Charlie and the Chocolate Factory,Roald Dahl,9785941651622,Children & Young Adult,Children's Books,Fantasy,2.85,297,Scholastic,2009,"Narración brillante que combina suspense, emoción y reflexión filosófica."
663,Charlie and the Chocolate Factory,Roald Dahl,9788189847138,Children & Young Adult,Children's Books,"Fantasy, Science Fiction & Horror",2.85,513,Vintage Books,1991,"Narración brillante que combina suspense, emoción y reflexión filosófica."
664,Weyward: The Richard & Judy Book Club Pick,Emilia Hart,9785963632127,Fiction,"Fantasy, Horror & Science Fiction",Horror,3.23,721,Hachette Livre,1967,Imprescindible para cualquier amante de la lectura; una historia que perdura en la memoria.
665,Mythos,Stephen Fry,9786490785158,Fiction,Literature & Fiction,"Myths, Legends & Sagas",10.53,1126,Bloomsbury Publishing,1988,Un relato profundo y emotivo que explora la condición humana con maestría literaria.
666,Mythos,Stephen Fry,9783425754094,Fiction,Literature & Fiction,Classic Fiction,10.53,1120,Penguin Books,1950,Una obra maestra que redefine el género y cautiva al lector desde la primera página.
667,The Pucking Wrong Number: A Hockey Romance (The Pucking Wrong Series Book 1),C.R. Jane,9784864518376,Fiction,Romance,New Adult & College,4.58,784,Hachette Livre,1959,Un relato profundo y emotivo que explora la condición humana con maestría literaria.
668,Word Power Made Easy [Paperback] Norman Lewis,Norman Lewis,9784413432753,Education,Reference,"Words, Language & Grammar",1.11,520,Macmillan Publishers,1982,Repleta de personajes complejos y giros inesperados que no te dejarán soltar el libro.
669,Word Power Made Easy [Paperback] Norman Lewis,Norman Lewis,9781776561249,Education,"Language, Linguistics & Writing",Writing Guides,1.11,855,Penguin Books,2021,Una novela que desafía convenciones y ofrece una perspectiva fresca y reveladora.
670,Diary of a Wimpy Kid - 7: The Third Wheel Jeff Kinney,Jeff Kinney,9786985700270,Children & Young Adult,Children's Books,"Fantasy, Science Fiction & Horror",2.57,146,HarperCollins,1989,Una obra maestra que redefine el género y cautiva al lector desde la primera página.
671,Diary of a Wimpy Kid - 7: The Third Wheel Jeff Kinney,Jeff Kinney,9783459112387,Children & Young Adult,Children's Books,Humour,2.57,387,Hachette Livre,1976,"Cautivadora desde el primer capítulo, con un desenlace que sorprende y conmueve."
672,Diary of a Wimpy Kid - 7: The Third Wheel Jeff Kinney,Jeff Kinney,9785772429545,Children & Young Adult,Children's Books,Comics & Graphic Novels,2.57,860,Hachette Livre,1958,"Escrita con una prosa elegante, esta obra es un referente en la literatura contemporánea."
673,Diary of a Wimpy Kid - 7: The Third Wheel Jeff Kinney,Jeff Kinney,9785266930086,Children & Young Adult,Children's Books,Growing Up & Facts of Life,2.57,240,Oxford University Press,1957,Un relato profundo y emotivo que explora la condición humana con maestría literaria.
674,Diary of a Minecraft Zombie Book 1: A Scare of a Dare (An Unofficial Minecraft Story),Zack Zombie,9787342069693,Children & Young Adult,Children's Books,"Games, Toys & Activities",2.73,238,Penguin Books,2002,Repleta de personajes complejos y giros inesperados que no te dejarán soltar el libro.
675,Diary of a Minecraft Zombie Book 1: A Scare of a Dare (An Unofficial Minecraft Story),Zack Zombie,9785291086774,Children & Young Adult,Children's Books,"Science, Nature & Technology",2.73,539,Vintage Books,1967,Una obra maestra que redefine el género y cautiva al lector desde la primera página.
676,Diary of a Minecraft Zombie Book 1: A Scare of a Dare (An Unofficial Minecraft Story),Zack Zombie,9783447626392,Children & Young Adult,Children's Books,Computers & Technology,2.73,1111,Oxford University Press,1968,Un relato profundo y emotivo que explora la condición humana con maestría literaria.
677,A Court of Thorns and Roses Paperback Box Set (5 books),Sarah J. Maas,9786262044393,Fiction,Romance,Fantasy,22.72,936,Macmillan Publishers,2011,Una novela que desafía convenciones y ofrece una perspectiva fresca y reveladora.
678,A Court of Thorns and Roses Paperback Box Set (5 books),Sarah J. Maas,9789710725639,Fiction,"Fantasy, Horror & Science Fiction",Fantasy,22.72,1183,Bloomsbury Publishing,1970,"Cautivadora desde el primer capítulo, con un desenlace que sorprende y conmueve."
679,The 7 Habits of Highly Effective People: Infographics Edition: Powerful Lessons in Personal Change,Stephen R. Covey,9784118005376,Business & Law,Business & Economics,Analysis & Strategy,1.5,328,Oxford University Press,1981,Una novela que desafía convenciones y ofrece una perspectiva fresca y reveladora.
680,The 7 Habits of Highly Effective People: Infographics Edition: Powerful Lessons in Personal Change,Stephen R. Covey,9780048964654,Lifestyle & Leisure,"Health, Family & Personal Development",Self-Help,1.5,1160,Macmillan Publishers,2000,"Cautivadora desde el primer capítulo, con un desenlace que sorprende y conmueve."
681,The 7 Habits of Highly Effective People: Infographics Edition: Powerful Lessons in Personal Change,Stephen R. Covey,9789242875726,Lifestyle & Leisure,"Health, Family & Personal Development",Personal Transformation,1.5,185,Penguin Books,1970,Un relato profundo y emotivo que explora la condición humana con maestría literaria.
682,Grit (L),Angela Duckworth,9786241502746,Business & Law,Business & Economics,Industries,4.39,1047,Scholastic,2003,"Cautivadora desde el primer capítulo, con un desenlace que sorprende y conmueve."
683,Kill Switch (Devil's Night Book 3),Penelope Douglas,9784948562579,Fiction,Romance,New Adult & College,4.56,1154,Macmillan Publishers,2000,"Narración brillante que combina suspense, emoción y reflexión filosófica."
684,Kill Switch (Devil's Night Book 3),Penelope Douglas,9780320320744,Fiction,Romance,Enemies to Lovers,4.56,1145,Random House,1974,Una novela que desafía convenciones y ofrece una perspectiva fresca y reveladora.
685,A Beginner's Guide to the Stock Market,Matthew R. Kratter,9781707587775,Business & Law,Business & Economics,Analysis & Strategy,2.3,983,Macmillan Publishers,1981,Repleta de personajes complejos y giros inesperados que no te dejarán soltar el libro.
686,Autobiography Of Malcolm X : Modern Clas (Penguin Modern Classics),Alex Haley,9785134228493,Non-Fiction,Society & Social Sciences,Ethnography,4.39,729,Oxford University Press,1994,Una novela que desafía convenciones y ofrece una perspectiva fresca y reveladora.
687,Autobiography of Malcolm X,MALCOLM X,9780892613710,Non-Fiction,Society & Social Sciences,Ethnography,4.39,631,Bloomsbury Publishing,1959,Repleta de personajes complejos y giros inesperados que no te dejarán soltar el libro.
688,Diary of a Wimpy Kid: Rodrick Rules (Book 2),Jeff Kinney,9781659152011,Children & Young Adult,Children's Books,Comics & Graphic Novels,2.5,479,Penguin Books,1978,Una novela que desafía convenciones y ofrece una perspectiva fresca y reveladora.
689,Diary of a Wimpy Kid: Rodrick Rules (Book 2),Jeff Kinney,9784905097597,Children & Young Adult,Children's Books,Humour,2.5,680,Hachette Livre,1985,Repleta de personajes complejos y giros inesperados que no te dejarán soltar el libro.
690,Diary of a Wimpy Kid: Rodrick Rules (Book 2),Jeff Kinney,9784501896165,Children & Young Adult,Children's Books,"Fantasy, Science Fiction & Horror",2.5,579,Oxford University Press,1967,"Narración brillante que combina suspense, emoción y reflexión filosófica."
691,Diary of a Wimpy Kid: Rodrick Rules (Book 2),Jeff Kinney,9786103266424,Children & Young Adult,Children's Books,Growing Up & Facts of Life,2.5,753,Macmillan Publishers,2001,Repleta de personajes complejos y giros inesperados que no te dejarán soltar el libro.
692,The Compound Effect,Darren Hardy,9786492515831,Lifestyle & Leisure,"Health, Family & Personal Development",Self-Help,2.63,577,Penguin Books,1965,Una novela que desafía convenciones y ofrece una perspectiva fresca y reveladora.
693,The Hawthorne Legacy,Jennifer Lynn Barnes,9787499616596,Children & Young Adult,Children's Books,"Family, Personal & Social Issues",3.31,821,Vintage Books,1969,"Un clásico moderno que mezcla aventura, drama y crítica social de forma magistral."
694,The Hawthorne Legacy,Jennifer Lynn Barnes,9781085732782,Children & Young Adult,Children's Books,Crime & Thriller,3.31,552,HarperCollins,1976,Un viaje apasionante a través de ideas que transforman la manera de ver el mundo.
695,The Hawthorne Legacy,Jennifer Lynn Barnes,9787617422434,Children & Young Adult,Teen & Young Adult,Romance,3.31,1013,Oxford University Press,2006,Un viaje apasionante a través de ideas que transforman la manera de ver el mundo.
696,The Hawthorne Legacy,Jennifer Lynn Barnes,9789081081865,Children & Young Adult,Children's Books,Mysteries & Curiosities,3.31,724,Penguin Books,1968,"Cautivadora desde el primer capítulo, con un desenlace que sorprende y conmueve."
697,"Sita: Warrior Of Mithila (Ram Chandra Series Book 2) (Ram Chandra, 2)",Amish Tripathi,9789454918012,Fiction,Literature & Fiction,"Myths, Legends & Sagas",3.29,316,Scholastic,1985,Imprescindible para cualquier amante de la lectura; una historia que perdura en la memoria.
698,Not My Romeo (The Game Changers Book 1),Ilsa Madden-Mills,9786016459773,Fiction,Romance,Sports,1.42,573,Bloomsbury Publishing,1991,Una obra maestra que redefine el género y cautiva al lector desde la primera página.
699,Howl’s Moving Castle,Diana Wynne Jones,9782321941688,Children & Young Adult,Teen & Young Adult,Science Fiction & Fantasy,3.11,991,Simon & Schuster,1951,Una novela que desafía convenciones y ofrece una perspectiva fresca y reveladora.
700,Howl’s Moving Castle,Diana Wynne Jones,9781027769746,Children & Young Adult,Children's Books,Fantasy,3.11,919,Random House,1965,"Escrita con una prosa elegante, esta obra es un referente en la literatura contemporánea."
701,Howl’s Moving Castle,Diana Wynne Jones,9786412203109,Children & Young Adult,Children's Books,Humour,3.11,821,HarperCollins,2016,Repleta de personajes complejos y giros inesperados que no te dejarán soltar el libro.
702,The Italian,T L Swan,9787236831478,Fiction,Romance,Multicultural & Interracial,4.56,243,Scholastic,1989,Repleta de personajes complejos y giros inesperados que no te dejarán soltar el libro.
703,THE CHEAT SHEET: TikTok made me buy it! The friends-to-lovers rom-com hit sensation!,Sarah Adams,9780122777078,Lifestyle & Leisure,"Arts, Film & Photography",Music,4.54,800,HarperCollins,2017,Una novela que desafía convenciones y ofrece una perspectiva fresca y reveladora.
704,THE DAILY STOIC,Ryan Stephen Holiday Hanselman,9784960501666,Non-Fiction,Religion,New Age & Spirituality,4.28,1115,Random House,1963,"Escrita con una prosa elegante, esta obra es un referente en la literatura contemporánea."
705,Snow Crash,Neal Stephenson,9788407678994,Science & Technology,"Computing, Internet & Digital Media",Computer Science,3.83,236,Random House,2010,Repleta de personajes complejos y giros inesperados que no te dejarán soltar el libro.
706,The Last List of Mabel Beaumont: THE NUMBER ONE BESTSELLER,Laura Pearson,9788069581468,Fiction,Romance,Later in Life,3.41,821,Hachette Livre,1979,Repleta de personajes complejos y giros inesperados que no te dejarán soltar el libro.
707,"The Chimp Paradox: The Acclaimed Mind Management Programme to Help You Achieve Success, Confidence and Happiness",Prof Steve Peters,9789576024374,Lifestyle & Leisure,Sports,Training & Coaching,10.53,1071,Bloomsbury Publishing,2006,Repleta de personajes complejos y giros inesperados que no te dejarán soltar el libro.
708,"Chimp Paradox, The",Prof Steve Peters,9788395972465,Lifestyle & Leisure,Sports,Training & Coaching,5.56,551,Macmillan Publishers,1988,Imprescindible para cualquier amante de la lectura; una historia que perdura en la memoria.
709,The Almanack of Naval Ravikant: A Guide to Wealth and Happiness,Eric Jorgenson,9782934172237,Non-Fiction,"Biographies, Diaries & True Accounts",Biographies & Autobiographies,6.45,999,Oxford University Press,1965,Imprescindible para cualquier amante de la lectura; una historia que perdura en la memoria.
710,The Almanack of Naval Ravikant: A Guide to Wealth and Happiness,Eric Jorgenson,9781674338008,Non-Fiction,History,Biographies & Autobiographies,6.45,937,Hachette Livre,2019,"Escrita con una prosa elegante, esta obra es un referente en la literatura contemporánea."
711,The Almanack Of Naval Ravikant: A Guide to Wealth and Happiness,Eric Jorgenson,9782280156196,Business & Law,Business & Economics,Analysis & Strategy,3.2,550,Vintage Books,2008,"Escrita con una prosa elegante, esta obra es un referente en la literatura contemporánea."
712,The Almanack Of Naval Ravikant: A Guide to Wealth and Happiness,Eric Jorgenson,9783745508424,Education,Higher Education Textbooks,Social Sciences,4.47,336,Simon & Schuster,1969,Una obra maestra que redefine el género y cautiva al lector desde la primera página.
713,"Inheritance: Book Four (The Inheritance Cycle) [Paperback] Paolini, Christopher",Christopher Paolini,9780771199180,Children & Young Adult,Teen & Young Adult,Science Fiction & Fantasy,3.21,1181,Scholastic,1959,Imprescindible para cualquier amante de la lectura; una historia que perdura en la memoria.
714,One by One: The snowy new thriller from the queen of the modern-day murder mystery,Ruth Ware,9782135247875,Lifestyle & Leisure,Sports,Winter Sports,8.73,581,Vintage Books,1993,Una novela que desafía convenciones y ofrece una perspectiva fresca y reveladora.
715,One by One: The breath-taking thriller from the queen of the modern-day murder mystery,Ruth Ware,9785213760375,Lifestyle & Leisure,Sports,Winter Sports,3.86,914,Hachette Livre,1984,"Escrita con una prosa elegante, esta obra es un referente en la literatura contemporánea."
716,As a Man Thinketh [Paperback] James Allen,James Allen,9782145653281,Fiction,Literature & Fiction,Essays,0.55,362,Penguin Books,1955,Imprescindible para cualquier amante de la lectura; una historia que perdura en la memoria.
717,As a Man Thinketh [Paperback] James Allen,James Allen,9786667850722,Fiction,Literature & Fiction,Classic Fiction,0.55,613,HarperCollins,1998,"Escrita con una prosa elegante, esta obra es un referente en la literatura contemporánea."
718,Where the Red Fern Grows,Wilson Rawls,9781556260608,Children & Young Adult,Children's Books,Historical Fiction,11.06,667,Oxford University Press,1982,Una novela que desafía convenciones y ofrece una perspectiva fresca y reveladora.
719,"Where the Red Fern Grows Rawls, Wilson",Wilson Rawls,9788466845509,Children & Young Adult,Children's Books,Historical Fiction,2.85,779,Oxford University Press,1964,Una obra maestra que redefine el género y cautiva al lector desde la primera página.
720,Painted Scars: An Enemies To Lovers Mafia Romance (Perfectly Imperfect Book 1),Neva Altaj,9782673899751,Fiction,Romance,Multicultural & Interracial,3.64,722,Penguin Books,2009,"Escrita con una prosa elegante, esta obra es un referente en la literatura contemporánea."
721,"Done and Dusted: The must-read, small-town romance and TikTok sensation! (Rebel Blue Ranch)",Lyla Sage,9781085628844,Fiction,Romance,Small Town Romance,3.5,321,Random House,2004,Imprescindible para cualquier amante de la lectura; una historia que perdura en la memoria.
722,"Done and Dusted: The must-read, small-town romance and TikTok sensation! (Rebel Blue Ranch)",Lyla Sage,9788485200895,Fiction,Romance,Alpha Male,3.5,246,Vintage Books,1971,Imprescindible para cualquier amante de la lectura; una historia que perdura en la memoria.
723,"Done and Dusted: The must-read, small-town romance and TikTok sensation! (Rebel Blue Ranch)",Lyla Sage,9786810548516,Fiction,Romance,Western & Frontier,3.5,916,HarperCollins,2012,"Cautivadora desde el primer capítulo, con un desenlace que sorprende y conmueve."
724,"New Earth, A : Create a Better Life",Eckhart Tolle,9784907539985,Lifestyle & Leisure,"Crafts, Home & Lifestyle",Lifestyle & Personal Style Guides,3.93,942,Bloomsbury Publishing,1987,Imprescindible para cualquier amante de la lectura; una historia que perdura en la memoria.
725,Diary of a Wimpy Kid: The Ugly Truth [Paperback] Jeff Kinney,Jeff Kinney,9784492683156,Children & Young Adult,Children's Books,"Fantasy, Science Fiction & Horror",2.61,1114,Scholastic,1978,Un viaje apasionante a través de ideas que transforman la manera de ver el mundo.
726,Diary of a Wimpy Kid: The Ugly Truth [Paperback] Jeff Kinney,Jeff Kinney,9785712661108,Children & Young Adult,Children's Books,Comics & Graphic Novels,2.61,383,HarperCollins,2016,Un relato profundo y emotivo que explora la condición humana con maestría literaria.
727,Diary of a Wimpy Kid: The Ugly Truth [Paperback] Jeff Kinney,Jeff Kinney,9783715869884,Children & Young Adult,Children's Books,Growing Up & Facts of Life,2.61,1092,Oxford University Press,1963,Una obra maestra que redefine el género y cautiva al lector desde la primera página.
728,Diary of a Wimpy Kid: The Ugly Truth [Paperback] Jeff Kinney,Jeff Kinney,9787677622823,Children & Young Adult,Children's Books,Humour,2.61,485,Macmillan Publishers,1961,"Escrita con una prosa elegante, esta obra es un referente en la literatura contemporánea."
729,Before the Coffee Gets Cold,Toshikazu Kawaguchi,9788813770283,Fiction,Literature & Fiction,"Fantasy, Horror & Science Fiction",3.97,448,Bloomsbury Publishing,1996,Repleta de personajes complejos y giros inesperados que no te dejarán soltar el libro.
730,Before the Coffee Gets Cold,Toshikazu Kawaguchi,9786115940828,Fiction,"Fantasy, Horror & Science Fiction",Fantasy,3.97,1009,Bloomsbury Publishing,1980,Imprescindible para cualquier amante de la lectura; una historia que perdura en la memoria.
731,Children of Dune: 3,Frank Herbert,9785447022961,Education,Reference,Library & Information Science,4.39,111,Penguin Books,2013,"Narración brillante que combina suspense, emoción y reflexión filosófica."
732,Diary of an Awesome Friendly Kid,Jeff Kinney,9783270185109,Children & Young Adult,Children's Books,Humour,2.65,421,Random House,2005,Una novela que desafía convenciones y ofrece una perspectiva fresca y reveladora.
733,Diary of an Awesome Friendly Kid,Jeff Kinney,9784975679221,Children & Young Adult,Children's Books,Growing Up & Facts of Life,2.65,327,Macmillan Publishers,2003,Un viaje apasionante a través de ideas que transforman la manera de ver el mundo.
734,Diary of an Awesome Friendly Kid,Jeff Kinney,9787251996639,Children & Young Adult,Children's Books,Comics & Graphic Novels,2.65,937,HarperCollins,1957,Una obra maestra que redefine el género y cautiva al lector desde la primera página.
735,The Tales of Beedle the Bard: A Harry Potter Hogwarts Library Book,J.K. Rowling,9780741209487,Children & Young Adult,Children's Books,Mysteries & Curiosities,2.3,619,Bloomsbury Publishing,1963,Repleta de personajes complejos y giros inesperados que no te dejarán soltar el libro.
736,The Tales of Beedle the Bard: A Harry Potter Hogwarts Library Book,J.K. Rowling,9783989098377,Children & Young Adult,Children's Books,Historical Fiction,2.3,1042,HarperCollins,1985,"Escrita con una prosa elegante, esta obra es un referente en la literatura contemporánea."
737,"Permanent Record [Paperback] Snowden, Edward",Edward Snowden,9788204339713,Non-Fiction,Politics,International Relations & Globalization,4.78,286,Simon & Schuster,1985,Imprescindible para cualquier amante de la lectura; una historia que perdura en la memoria.
738,"Permanent Record [Paperback] Snowden, Edward",Edward Snowden,9786907056260,Non-Fiction,Politics,Freedom & Security,4.78,338,Vintage Books,1982,"Narración brillante que combina suspense, emoción y reflexión filosófica."
739,"Permanent Record [Paperback] Snowden, Edward",Edward Snowden,9786411182424,Science & Technology,"Computing, Internet & Digital Media",Internet & Social Media,4.78,149,Macmillan Publishers,2015,"Un clásico moderno que mezcla aventura, drama y crítica social de forma magistral."
740,Rich Dad Poor Dad - 20Th Anniversary Edition - Hindi,Robert Kiyosaki,9782462095204,Lifestyle & Leisure,"Health, Family & Personal Development",Self-Help,3.54,963,Macmillan Publishers,1992,"Narración brillante que combina suspense, emoción y reflexión filosófica."
741,Rich Dad Poor Dad - 20Th Anniversary Edition - Hindi,Robert Kiyosaki,9781526546109,Lifestyle & Leisure,"Health, Family & Personal Development",Personal Transformation,3.54,129,Vintage Books,2003,Un viaje apasionante a través de ideas que transforman la manera de ver el mundo.
742,Meet Me at the Lake: The breathtaking new novel from the author of EVERY SUMMER AFTER,Carley Fortune,9789378861406,Fiction,Romance,Later in Life,2.33,421,Scholastic,1982,Un viaje apasionante a través de ideas que transforman la manera de ver el mundo.
743,That Second Chance (Getting Lucky Book 1),Meghan Quinn,9786170630482,Fiction,Romance,Small Town Romance,1.42,229,Scholastic,1995,Repleta de personajes complejos y giros inesperados que no te dejarán soltar el libro.
744,The Happiest Man on Earth,Eddie Jaku,9788249671835,Non-Fiction,"Biographies, Diaries & True Accounts",True Accounts,4.28,351,Simon & Schuster,1960,"Cautivadora desde el primer capítulo, con un desenlace que sorprende y conmueve."
745,The Happiest Man on Earth,Eddie Jaku,9782386870070,Non-Fiction,Society & Social Sciences,Society & Culture,4.28,1134,Penguin Books,1951,Repleta de personajes complejos y giros inesperados que no te dejarán soltar el libro.
746,Silent Vows: A Mafia Arranged Marriage Romance (The Byrne Brothers Book 1),Jill Ramsower,9780074946539,Fiction,Literature & Fiction,"Crime, Thriller & Mystery",4.39,1164,Oxford University Press,1962,"Escrita con una prosa elegante, esta obra es un referente en la literatura contemporánea."
747,Silent Vows: A Mafia Arranged Marriage Romance (The Byrne Brothers Book 1),Jill Ramsower,9780289141610,Fiction,Romance,Romantic Suspense,4.39,874,Vintage Books,2012,"Escrita con una prosa elegante, esta obra es un referente en la literatura contemporánea."
748,THE BLUE UMBRELLA,Ruskin Bond,9786398554744,Children & Young Adult,Children's Books,"Fantasy, Science Fiction & Horror",0.81,944,Hachette Livre,1981,Imprescindible para cualquier amante de la lectura; una historia que perdura en la memoria.
749,THE BLUE UMBRELLA,Ruskin Bond,9783795020976,Children & Young Adult,Children's Books,Literature & Fiction,0.81,805,Simon & Schuster,2013,Repleta de personajes complejos y giros inesperados que no te dejarán soltar el libro.
750,"The Gruffalo (The Gruffalo, 1)",Julia Donaldson,9786876811802,Children & Young Adult,Children's Books,Animals & Pets,3.26,341,Bloomsbury Publishing,1978,Una obra maestra que redefine el género y cautiva al lector desde la primera página.
751,"The Gruffalo (The Gruffalo, 1)",Julia Donaldson,9786956201759,Children & Young Adult,Children's Books,"Fairy Tales, Folk Tales & Myths",3.26,903,Macmillan Publishers,2005,Una novela que desafía convenciones y ofrece una perspectiva fresca y reveladora.
752,"The Gruffalo (The Gruffalo, 1)",Julia Donaldson,9783045319437,Children & Young Adult,Children's Books,"Science, Nature & Technology",3.26,574,Random House,1984,Un relato profundo y emotivo que explora la condición humana con maestría literaria.
753,Little Blue Truck's Springtime: An Easter And Springtime Book For Kids,Alice Schertle,9780479303614,Children & Young Adult,Children's Books,Holidays & Celebrations,10.53,680,Macmillan Publishers,1963,Un relato profundo y emotivo que explora la condición humana con maestría literaria.
754,Five Feet Apart,Rachael Lippincott,9787283999216,Children & Young Adult,Children's Books,"Family, Personal & Social Issues",3.02,323,Scholastic,2012,Una novela que desafía convenciones y ofrece una perspectiva fresca y reveladora.
755,Karma: A Yogi’s Guide to Crafting Your Own Destiny: New York Times Bestselling Author of Inner Engineering,Sadhguru,9782493843082,Non-Fiction,Religion,New Age & Spirituality,11.06,769,Penguin Books,2021,Repleta de personajes complejos y giros inesperados que no te dejarán soltar el libro.
756,KARMA: A YOGI'S GUIDE TO CRAFTING YOUR DESTINY,Sadhguru,9787060566413,Non-Fiction,Religion,New Age & Spirituality,3.19,769,Vintage Books,2022,"Cautivadora desde el primer capítulo, con un desenlace que sorprende y conmueve."
757,KARMA: A YOGI'S GUIDE TO CRAFTING YOUR DESTINY,Sadhguru,9785803046870,Non-Fiction,Religion,Religious Studies,3.19,300,Bloomsbury Publishing,1998,"Narración brillante que combina suspense, emoción y reflexión filosófica."
758,Fantastic Beasts and Where to Find Them: The Original Screenplay,J.K. Rowling,9783519036137,Lifestyle & Leisure,"Arts, Film & Photography",Cinema & Broadcast,3.45,172,Random House,2016,Imprescindible para cualquier amante de la lectura; una historia que perdura en la memoria.
759,Magnus Chase and the Ship of the Dead (B,Rick Riordan,9784110760957,Children & Young Adult,Children's Books,Religion,2.85,231,Macmillan Publishers,1998,Un viaje apasionante a través de ideas que transforman la manera de ver el mundo.
760,Magnus Chase and the Ship of the Dead (B,Rick Riordan,9787350583198,Children & Young Adult,Children's Books,Fantasy,2.85,806,Macmillan Publishers,1955,"Un clásico moderno que mezcla aventura, drama y crítica social de forma magistral."
761,Magnus Chase and the Ship of the Dead (B,Rick Riordan,9787911006513,Children & Young Adult,Children's Books,"Fairy Tales, Folk Tales & Myths",2.85,999,Penguin Books,1963,Repleta de personajes complejos y giros inesperados que no te dejarán soltar el libro.
762,"Snowed In: A completely hilarious fake dating, forced proximity romantic comedy (Catherine Walsh Christmas romcoms)",Catherine Walsh,9780496110807,Fiction,Romance,Holidays,2.74,917,Bloomsbury Publishing,1962,Un viaje apasionante a través de ideas que transforman la manera de ver el mundo.
763,Diary of a Wimpy Kid: Dog Days (Book 4),Jeff Kinney,9781963990760,Children & Young Adult,Children's Books,Humour,2.5,1001,Simon & Schuster,2023,"Escrita con una prosa elegante, esta obra es un referente en la literatura contemporánea."
764,Diary of a Wimpy Kid: Dog Days (Book 4),Jeff Kinney,9789150785933,Children & Young Adult,Children's Books,Growing Up & Facts of Life,2.5,972,Penguin Books,1962,Repleta de personajes complejos y giros inesperados que no te dejarán soltar el libro.
765,Diary of a Wimpy Kid: Dog Days (Book 4),Jeff Kinney,9789193928458,Children & Young Adult,Children's Books,Comics & Graphic Novels,2.5,672,Bloomsbury Publishing,1965,Una obra maestra que redefine el género y cautiva al lector desde la primera página.
766,Diary of a Wimpy Kid: Dog Days (Book 4),Jeff Kinney,9787232002494,Children & Young Adult,Children's Books,"Fantasy, Science Fiction & Horror",2.5,1057,Random House,1980,"Narración brillante que combina suspense, emoción y reflexión filosófica."
767,ON WRITING (REISSUES),Stephen King,9784982274959,Education,"Language, Linguistics & Writing",Writing Guides,4.56,355,Macmillan Publishers,1996,Imprescindible para cualquier amante de la lectura; una historia que perdura en la memoria.
768,A Million Kisses In Your Lifetime,Monica Murphy,9788920388065,Fiction,Romance,New Adult & College,3.42,455,Macmillan Publishers,2003,Una novela que desafía convenciones y ofrece una perspectiva fresca y reveladora.
769,Until I Get You: A Hockey Romance Novel,Claire Contreras,9783153779590,Fiction,Romance,Multicultural & Interracial,4.94,1123,Hachette Livre,2000,"Narración brillante que combina suspense, emoción y reflexión filosófica."
770,The Monster: A Mafia Romance (Boston Belles Book 3),L.J. Shen,9784652170739,Fiction,Romance,Enemies to Lovers,4.51,251,Vintage Books,1955,"Cautivadora desde el primer capítulo, con un desenlace que sorprende y conmueve."
771,KING: Alliance Series Book Two,S.J. Tilly,9787933756360,Fiction,Romance,Mafia Romance,1.64,391,Oxford University Press,1994,"Escrita con una prosa elegante, esta obra es un referente en la literatura contemporánea."
772,KING: Alliance Series Book Two,S.J. Tilly,9780150812477,Fiction,Romance,Action & Adventure,1.64,95,HarperCollins,2006,"Cautivadora desde el primer capítulo, con un desenlace que sorprende y conmueve."
773,You are the Best Wife: A True Love Story,Ajay Pandey,9780033423429,Fiction,Romance,Contemporary,1.43,837,Simon & Schuster,2008,Un relato profundo y emotivo que explora la condición humana con maestría literaria.
774,Chasing Love: A Best Friends Brother Romance (Dark Love Series Book 1),Kat  T.Masen,9782302410267,Fiction,Romance,Collections & Anthologies,3.65,1008,Simon & Schuster,2023,"Cautivadora desde el primer capítulo, con un desenlace que sorprende y conmueve."
775,Chasing Love: A Best Friends Brother Romance (Dark Love Series Book 1),Kat  T.Masen,9784735528965,Fiction,Literature & Fiction,Short Stories,3.65,856,Penguin Books,2016,Imprescindible para cualquier amante de la lectura; una historia que perdura en la memoria.
776,Certificate Physical And Human Geography (English) | Best Seller For UPSC Aspirants And Other Competitive Examinations,Goh Cheng Leong,9782338655967,Education,Higher Education Textbooks,Social Sciences,2.87,736,Oxford University Press,1954,"Un clásico moderno que mezcla aventura, drama y crítica social de forma magistral."
777,101 Essays That Will Change The Way You Think,Brianna Wiest,9789384253047,Non-Fiction,Religion,Religious Studies,5.0,978,Simon & Schuster,2001,"Narración brillante que combina suspense, emoción y reflexión filosófica."
778,My First Complete Learning Library: Boxset of 20 Board Books Gift Set for Kids (Horizontal Design),Wonder House Books,9787317912868,Children & Young Adult,Children's Books,Picture Books,8.79,441,HarperCollins,2005,Una novela que desafía convenciones y ofrece una perspectiva fresca y reveladora.
779,As Good As Dead,Holly Jackson,9788725587771,Fiction,Literature & Fiction,"Crime, Thriller & Mystery",3.41,1121,Vintage Books,1953,Una novela que desafía convenciones y ofrece una perspectiva fresca y reveladora.
780,As Good As Dead,Holly Jackson,9789033373635,Children & Young Adult,Children's Books,Mysteries & Curiosities,3.41,652,Macmillan Publishers,1977,Imprescindible para cualquier amante de la lectura; una historia que perdura en la memoria.
781,As Good As Dead,Holly Jackson,9789254812144,Children & Young Adult,Children's Books,Crime & Thriller,3.41,278,Vintage Books,2022,Una novela que desafía convenciones y ofrece una perspectiva fresca y reveladora.
782,The Little Prince: Antoine De Saint-Exupéry's Whimsical Tale,Antoine De Saint-Exupéry,9783907895679,Fiction,Romance,Paranormal,0.57,555,Hachette Livre,1973,"Cautivadora desde el primer capítulo, con un desenlace que sorprende y conmueve."
783,The Little Prince,Antoine De Saint-Exupéry,9785754602737,Fiction,Literature & Fiction,Classic Fiction,1.51,688,Vintage Books,1953,Repleta de personajes complejos y giros inesperados que no te dejarán soltar el libro.
784,The Little Prince,Antoine De Saint-Exupéry,9781488814311,Children & Young Adult,Children's Books,"Family, Personal & Social Issues",1.51,1090,Bloomsbury Publishing,1992,Un relato profundo y emotivo que explora la condición humana con maestría literaria.
785,"The Hidden Life of Trees : What They Feel, How They Communicate—Discoveries from a Secret World",Peter Wohlleben,9780835354446,Science & Technology,"Sciences, Technology & Medicine",Biology & Life Sciences,3.64,778,Vintage Books,1962,Una obra maestra que redefine el género y cautiva al lector desde la primera página.
786,The Hidden Life of Trees: The International Bestseller,Peter Wohlleben,9788404456695,Lifestyle & Leisure,"Crafts, Home & Lifestyle",Gardening & Landscape Design,9.4,178,Oxford University Press,1987,Repleta de personajes complejos y giros inesperados que no te dejarán soltar el libro.
787,"The Tiger Who Came to Tea: The bestselling classic children’s book, from the beloved Judith Kerr",Judith Kerr,9782633373896,Children & Young Adult,Children's Books,Animals & Pets,2.42,1140,Scholastic,2002,Una novela que desafía convenciones y ofrece una perspectiva fresca y reveladora.
788,God of Wrath: A Dark Enemies to Lovers Romance (Legacy of Gods Book 3),Rina Kent,9785153663774,Fiction,Romance,Paranormal,3.58,1155,Bloomsbury Publishing,1953,"Escrita con una prosa elegante, esta obra es un referente en la literatura contemporánea."
789,God of Wrath: A Dark Enemies to Lovers Romance (Legacy of Gods Book 3),Rina Kent,9782924075531,Fiction,Romance,Romantic Suspense,3.58,1120,Hachette Livre,2008,Un viaje apasionante a través de ideas que transforman la manera de ver el mundo.
790,ONCE UPON A BROKEN HEART,Stephanie Garber,9788459090222,Fiction,Literature & Fiction,"Myths, Legends & Sagas",5.27,953,Scholastic,1982,Un viaje apasionante a través de ideas que transforman la manera de ver el mundo.
791,Ask and It Is Given: Learning to Manifest Your Desires,Esther Hicks,9789966361869,Education,Reference,Library & Information Science,7.81,664,Penguin Books,1995,Una novela que desafía convenciones y ofrece una perspectiva fresca y reveladora.
792,Where Do Diggers Sleep at Night?,Brianna Caplan Sayres,9785974121825,Children & Young Adult,Children's Books,"Cars, Trains & Things That Go",3.78,741,Oxford University Press,1994,Un viaje apasionante a través de ideas que transforman la manera de ver el mundo.
793,The Fake Out: a fake dating hockey romance (Vancouver Storm Book 2),Stephanie Archer,9780231643348,Fiction,Romance,Sports,4.39,866,Oxford University Press,1995,Una novela que desafía convenciones y ofrece una perspectiva fresca y reveladora.
794,The Fake Out: a fake dating hockey romance (Vancouver Storm Book 2),Stephanie Archer,9780580256625,Fiction,Romance,Romantic Comedy,4.39,732,Oxford University Press,1981,Repleta de personajes complejos y giros inesperados que no te dejarán soltar el libro.
795,$100M Offers: How To Make Offers So Good People Feel Stupid Saying No,Alex Hormozi,9786716323464,Education,Higher Education Textbooks,Business & Finance,3.84,445,Oxford University Press,1985,"Narración brillante que combina suspense, emoción y reflexión filosófica."
796,Magnus Chase and The Hammer of Thor (Boo,Rick Riordan,9789493874303,Children & Young Adult,Children's Books,"Fairy Tales, Folk Tales & Myths",2.85,373,Hachette Livre,2007,"Un clásico moderno que mezcla aventura, drama y crítica social de forma magistral."
797,Magnus Chase and The Hammer of Thor (Boo,Rick Riordan,9786938597773,Children & Young Adult,Children's Books,Fantasy,2.85,165,Random House,1956,Una novela que desafía convenciones y ofrece una perspectiva fresca y reveladora.
798,Magnus Chase and The Hammer of Thor (Boo,Rick Riordan,9784754692639,Children & Young Adult,Children's Books,Religion,2.85,511,Hachette Livre,1991,"Cautivadora desde el primer capítulo, con un desenlace que sorprende y conmueve."
799,Magnus Chase and The Hammer of Thor (Boo,Rick Riordan,9787629160324,Children & Young Adult,Children's Books,Humour,2.85,961,Hachette Livre,2008,Una novela que desafía convenciones y ofrece una perspectiva fresca y reveladora.
800,"Men Are from Mars, Women Are from Venus: The Classic Guide to Understanding the Opposite Sex",John Gray,9781376815118,Non-Fiction,Society & Social Sciences,Society & Culture,17.32,1143,Simon & Schuster,1983,Un viaje apasionante a través de ideas que transforman la manera de ver el mundo.
801,Untamed,Glennon Doyle,9787243807016,Education,Reference,Library & Information Science,5.38,649,Scholastic,1970,Imprescindible para cualquier amante de la lectura; una historia que perdura en la memoria.
802,Lords of Pain (Dark College Bully Romance): Royals of Forsyth University,Angel Lawson,9786360041256,Fiction,Romance,Sports,4.51,723,Random House,1976,Una novela que desafía convenciones y ofrece una perspectiva fresca y reveladora.
803,Aapke Avchetan Mann Ki Shakti (The Power Of Your Subconscious Mind In Hindi),Joseph Murphy,9781183727422,Non-Fiction,Religion,New Age & Spirituality,1.09,283,Bloomsbury Publishing,2021,"Cautivadora desde el primer capítulo, con un desenlace que sorprende y conmueve."
804,Aapke Avchetan Mann Ki Shakti (The Power Of Your Subconscious Mind In Hindi),Joseph Murphy,9781241862100,Lifestyle & Leisure,"Health, Family & Personal Development",Personal Transformation,1.09,791,Macmillan Publishers,2020,Un viaje apasionante a través de ideas que transforman la manera de ver el mundo.
805,Inheritance (The Lost Bride Trilogy),Nora Roberts,9785230837083,Fiction,"Fantasy, Horror & Science Fiction",Horror,5.93,663,Bloomsbury Publishing,1991,"Cautivadora desde el primer capítulo, con un desenlace que sorprende y conmueve."
806,That Forever Girl (Getting Lucky Book 2),Meghan Quinn,9787090063354,Fiction,Romance,Small Town Romance,1.42,419,Penguin Books,2001,"Cautivadora desde el primer capítulo, con un desenlace que sorprende y conmueve."
807,Concept of Physics by H.C Verma Part - I - Session 2022-23,H.C. Verma,9780600531319,Children & Young Adult,Teen & Young Adult,Education & Reference,4.99,322,Vintage Books,1994,Un viaje apasionante a través de ideas que transforman la manera de ver el mundo.
808,Unravel Me,Tahereh Mafi,9786815583934,Children & Young Adult,Teen & Young Adult,Romance,3.56,669,HarperCollins,1972,Un viaje apasionante a través de ideas que transforman la manera de ver el mundo.
809,Unravel Me,Tahereh Mafi,9781331552063,Children & Young Adult,Teen & Young Adult,Science Fiction & Fantasy,3.56,640,Hachette Livre,2013,Repleta de personajes complejos y giros inesperados que no te dejarán soltar el libro.
810,Unravel Me,Tahereh Mafi,9783731495016,Children & Young Adult,Children's Books,Crime & Thriller,3.56,1076,Scholastic,1961,"Cautivadora desde el primer capítulo, con un desenlace que sorprende y conmueve."
811,Aristotle and Dante Discover the Secrets of the Universe,Benjamin Alire Saenz,9789718924197,Fiction,"Fantasy, Horror & Science Fiction",Horror,3.46,978,Oxford University Press,1992,Repleta de personajes complejos y giros inesperados que no te dejarán soltar el libro.
812,The Secret of the Nagas,Amish Tripathi,9785257150990,Fiction,Literature & Fiction,"Fantasy, Horror & Science Fiction",1.48,538,HarperCollins,1995,Una obra maestra que redefine el género y cautiva al lector desde la primera página.
813,The Secret of the Nagas,Amish Tripathi,9783890309141,Fiction,Literature & Fiction,"Myths, Legends & Sagas",1.48,426,Simon & Schuster,2018,Una novela que desafía convenciones y ofrece una perspectiva fresca y reveladora.
814,"The Secret Of The Nagas (Shiva Trilogy Book 2) (The Shiva Trilogy, 2)",Amish Tripathi,9789102574320,Fiction,Literature & Fiction,"Fantasy, Horror & Science Fiction",2.98,670,Scholastic,1979,"Un clásico moderno que mezcla aventura, drama y crítica social de forma magistral."
815,The Secret of the Nagas,Amish Tripathi,9783975245089,Fiction,"Fantasy, Horror & Science Fiction",Fantasy,1.48,611,Oxford University Press,1990,Un relato profundo y emotivo que explora la condición humana con maestría literaria.
816,"The Secret Of The Nagas (Shiva Trilogy Book 2) (The Shiva Trilogy, 2)",Amish Tripathi,9783553380332,Fiction,"Fantasy, Horror & Science Fiction",Fantasy,2.98,297,Macmillan Publishers,1989,"Escrita con una prosa elegante, esta obra es un referente en la literatura contemporánea."
817,"The Secret Of The Nagas (Shiva Trilogy Book 2) (The Shiva Trilogy, 2)",Amish Tripathi,9785270171305,Fiction,Literature & Fiction,"Myths, Legends & Sagas",2.98,554,Macmillan Publishers,1962,Imprescindible para cualquier amante de la lectura; una historia que perdura en la memoria.
818,The Murder on the Links,Agatha Christie,9781298338160,Fiction,"Crime, Thriller & Mystery",Thrillers and Suspense,1.83,650,Oxford University Press,1961,"Cautivadora desde el primer capítulo, con un desenlace que sorprende y conmueve."
819,DOM: Alliance Series Book Three,S.J. Tilly,9783362934497,Fiction,Romance,Action & Adventure,4.56,368,Hachette Livre,2001,Una novela que desafía convenciones y ofrece una perspectiva fresca y reveladora.
820,DOM: Alliance Series Book Three,S.J. Tilly,9787156627760,Fiction,Romance,Alpha Male,4.56,276,Hachette Livre,1990,Un relato profundo y emotivo que explora la condición humana con maestría literaria.
821,Crime And Punishment,Fyodor Dostoyevsky,9782706614981,Fiction,"Crime, Thriller & Mystery",Thrillers and Suspense,2.63,503,Penguin Books,2013,"Un clásico moderno que mezcla aventura, drama y crítica social de forma magistral."
822,Crime and Punishment,Fyodor Dostoevsky,9784674746894,Fiction,"Crime, Thriller & Mystery",Thrillers and Suspense,0.18,1121,Random House,1973,Repleta de personajes complejos y giros inesperados que no te dejarán soltar el libro.
823,Crime And Punishment,Fyodor Dostoyevsky,9782732300851,Fiction,Literature & Fiction,"Crime, Thriller & Mystery",2.63,425,Vintage Books,1998,Repleta de personajes complejos y giros inesperados que no te dejarán soltar el libro.
824,Crime And Punishment,Fyodor Dostoyevsky,9786567491606,Fiction,Literature & Fiction,Classic Fiction,2.63,136,Vintage Books,1975,"Cautivadora desde el primer capítulo, con un desenlace que sorprende y conmueve."
825,God of Pain: A Grumpy Sunshine College Romance (Legacy of Gods Book 2),Rina Kent,9782364587507,Fiction,Literature & Fiction,"Crime, Thriller & Mystery",3.68,161,Random House,1983,"Narración brillante que combina suspense, emoción y reflexión filosófica."
826,Ignite Me (Shatter Me): TikTok Made Me Buy It! The most addictive YA fantasy series of 2021,Tahereh Mafi,9783705024978,Children & Young Adult,Teen & Young Adult,Science Fiction & Fantasy,3.56,1185,Vintage Books,2012,Un relato profundo y emotivo que explora la condición humana con maestría literaria.
827,Ignite Me (Shatter Me): TikTok Made Me Buy It! The most addictive YA fantasy series of 2021,Tahereh Mafi,9789920116695,Children & Young Adult,Teen & Young Adult,Romance,3.56,1181,Oxford University Press,1994,Repleta de personajes complejos y giros inesperados que no te dejarán soltar el libro.
828,The Exception to the Rule (The Improbable Meet-Cute collection),Christina Lauren,9786264488696,Fiction,Romance,Romantic Comedy,0.76,479,Vintage Books,1993,"Escrita con una prosa elegante, esta obra es un referente en la literatura contemporánea."
829,The Exception to the Rule (The Improbable Meet-Cute collection),Christina Lauren,9781952436407,Fiction,Romance,Contemporary,0.76,93,Bloomsbury Publishing,2006,Un viaje apasionante a través de ideas que transforman la manera de ver el mundo.
830,The Exception to the Rule (The Improbable Meet-Cute collection),Christina Lauren,9781168646221,Fiction,Literature & Fiction,Short Stories,0.76,1080,Bloomsbury Publishing,1996,"Narración brillante que combina suspense, emoción y reflexión filosófica."
831,The Exception to the Rule (The Improbable Meet-Cute collection),Christina Lauren,9783728179323,Fiction,Romance,Collections & Anthologies,0.76,132,Penguin Books,1970,Imprescindible para cualquier amante de la lectura; una historia que perdura en la memoria.
832,The Exception to the Rule (The Improbable Meet-Cute collection),Christina Lauren,9783467912145,Fiction,Romance,New Adult & College,0.76,836,Macmillan Publishers,1971,Una novela que desafía convenciones y ofrece una perspectiva fresca y reveladora.
833,Ruthless Vows: Book 2 (Letters of Enchantment),Rebecca Ross,9784150937719,Fiction,Romance,Clean & Wholesome,6.82,496,Scholastic,1991,Una obra maestra que redefine el género y cautiva al lector desde la primera página.
834,The Final Gambit,Jennifer Lynn Barnes,9780901380697,Children & Young Adult,Children's Books,"Family, Personal & Social Issues",3.21,657,Hachette Livre,1952,Repleta de personajes complejos y giros inesperados que no te dejarán soltar el libro.
835,The Final Gambit,Jennifer Lynn Barnes,9787596555539,Children & Young Adult,Children's Books,Crime & Thriller,3.21,953,Simon & Schuster,1964,Un viaje apasionante a través de ideas que transforman la manera de ver el mundo.
836,The Final Gambit,Jennifer Lynn Barnes,9789055107621,Children & Young Adult,Children's Books,Mysteries & Curiosities,3.21,991,Bloomsbury Publishing,1974,Un viaje apasionante a través de ideas que transforman la manera de ver el mundo.
837,The Final Gambit,Jennifer Lynn Barnes,9788435797867,Children & Young Adult,Teen & Young Adult,Social & Family Issues,3.21,1146,Scholastic,1989,Una obra maestra que redefine el género y cautiva al lector desde la primera página.
838,The Lean Startup: The Million Copy Bestseller Driving Entrepreneurs to Success,Eric Ries,9780505739765,Science & Technology,"Computing, Internet & Digital Media",Internet & Social Media,2.04,338,Random House,2014,Una novela que desafía convenciones y ofrece una perspectiva fresca y reveladora.
839,"The Lean Startup: How Constant Innovation Creates Radically Successful Businesses [Paperback] Ries, Eric",RIES ERIC,9786716493281,Education,Higher Education Textbooks,Computer Science,6.41,1009,Bloomsbury Publishing,2021,Una novela que desafía convenciones y ofrece una perspectiva fresca y reveladora.
840,"The Lean Startup: How Constant Innovation Creates Radically Successful Businesses [Paperback] Ries, Eric",RIES ERIC,9782714872713,Education,Higher Education Textbooks,Business & Finance,6.41,684,Vintage Books,1987,"Cautivadora desde el primer capítulo, con un desenlace que sorprende y conmueve."
841,"The Lean Startup: How Constant Innovation Creates Radically Successful Businesses [Paperback] Ries, Eric",RIES ERIC,9783321160252,Science & Technology,"Computing, Internet & Digital Media",Databases & Big Data,6.41,304,HarperCollins,2021,Repleta de personajes complejos y giros inesperados que no te dejarán soltar el libro.
842,The Lean Startup: The Million Copy Bestseller Driving Entrepreneurs to Success,Eric Ries,9784712871531,Business & Law,Business & Economics,Industries,2.04,325,HarperCollins,2018,"Un clásico moderno que mezcla aventura, drama y crítica social de forma magistral."
843,"The Lean Startup: How Constant Innovation Creates Radically Successful Businesses [Paperback] Ries, Eric",RIES ERIC,9785668633410,Business & Law,Business & Economics,Industries,6.41,990,Bloomsbury Publishing,1972,Imprescindible para cualquier amante de la lectura; una historia que perdura en la memoria.
844,"The Lean Startup: How Constant Innovation Creates Radically Successful Businesses [Paperback] Ries, Eric",RIES ERIC,9781593195255,Education,Higher Education Textbooks,Engineering Textbooks,6.41,965,Simon & Schuster,2000,"Narración brillante que combina suspense, emoción y reflexión filosófica."
845,The Lean Startup: The Million Copy Bestseller Driving Entrepreneurs to Success,Eric Ries,9784098366555,Science & Technology,"Computing, Internet & Digital Media",Programming & Software Development,2.04,1090,Simon & Schuster,1959,Una novela que desafía convenciones y ofrece una perspectiva fresca y reveladora.
846,"The Lean Startup: How Constant Innovation Creates Radically Successful Businesses [Paperback] Ries, Eric",RIES ERIC,9789316087529,Science & Technology,"Computing, Internet & Digital Media",Programming & Software Development,6.41,618,HarperCollins,1975,Repleta de personajes complejos y giros inesperados que no te dejarán soltar el libro.
847,Diary of a Wimpy Kid: The Deep End (Book 15),Jeff Kinney,9787294209549,Children & Young Adult,Children's Books,Comics & Graphic Novels,2.5,257,Vintage Books,1961,Una novela que desafía convenciones y ofrece una perspectiva fresca y reveladora.
848,Diary of a Wimpy Kid: The Deep End (Book 15),Jeff Kinney,9789737460525,Children & Young Adult,Children's Books,Growing Up & Facts of Life,2.5,360,Macmillan Publishers,1961,"Cautivadora desde el primer capítulo, con un desenlace que sorprende y conmueve."
849,Diary of a Wimpy Kid: The Deep End (Book 15),Jeff Kinney,9782764208656,Children & Young Adult,Children's Books,Humour,2.5,650,Random House,2001,"Un clásico moderno que mezcla aventura, drama y crítica social de forma magistral."
850,The Art Of War,Sun Tzu,9786618443862,Lifestyle & Leisure,Sports,Combat Sports & Self-Defence,1.9,318,Random House,1983,Un viaje apasionante a través de ideas que transforman la manera de ver el mundo.
851,Choosing Theo: The Clecanian Series Book 1,Victoria Aveline,9789047292774,Fiction,Romance,Science Fiction,4.56,804,Bloomsbury Publishing,1968,Un viaje apasionante a través de ideas que transforman la manera de ver el mundo.
852,Where Is Baby'S Belly Button?,Karen Katz,9783305912666,Children & Young Adult,Children's Books,"Games, Toys & Activities",2.85,241,Scholastic,1993,"Cautivadora desde el primer capítulo, con un desenlace que sorprende y conmueve."
853,Where Is Baby'S Belly Button?,Karen Katz,9785720185968,Children & Young Adult,Children's Books,Literature & Fiction,2.85,535,Bloomsbury Publishing,2018,"Cautivadora desde el primer capítulo, con un desenlace que sorprende y conmueve."
854,Where Is Baby'S Belly Button?,Karen Katz,9780136749268,Children & Young Adult,Children's Books,"Science, Nature & Technology",2.85,232,Oxford University Press,1995,Un relato profundo y emotivo que explora la condición humana con maestría literaria.
855,Where Is Baby'S Belly Button?,Karen Katz,9784750111178,Children & Young Adult,Children's Books,"Crafts, Hobbies & Practical Interests",2.85,749,Simon & Schuster,2000,"Narración brillante que combina suspense, emoción y reflexión filosófica."
856,Ruthless Rival (Cruel Castaways),L.J. Shen,9789997419267,Fiction,Romance,Alpha Male,1.42,400,Bloomsbury Publishing,1967,Una obra maestra que redefine el género y cautiva al lector desde la primera página.
857,The Checklist Manifesto: How to Get Things Right,Atul Gawande,9789215182604,Fiction,Literature & Fiction,Essays,2.07,1118,Vintage Books,1999,Un viaje apasionante a través de ideas que transforman la manera de ver el mundo.
858,Checklist Manifesto The (R/J),Gawande Atul,9788718981311,Education,Reference,Library & Information Science,2.27,766,Macmillan Publishers,1963,"Un clásico moderno que mezcla aventura, drama y crítica social de forma magistral."
859,The Prophet (Deluxe Hardbound Edition),Kahlil Gibran,9780875102930,Fiction,Literature & Fiction,Poetry,3.51,645,Oxford University Press,1987,"Un clásico moderno que mezcla aventura, drama y crítica social de forma magistral."
860,"Think Straight: Change your thoughts, Change your life [Paperback] Foroux, Darius",Darius Foroux,9784011845824,Lifestyle & Leisure,"Health, Family & Personal Development",Self-Help,1.53,1008,Oxford University Press,2022,"Narración brillante que combina suspense, emoción y reflexión filosófica."
861,"Think Straight: Change your thoughts, Change your life [Paperback] Foroux, Darius",Darius Foroux,9784084872973,Lifestyle & Leisure,"Health, Family & Personal Development",Personal Transformation,1.53,1130,HarperCollins,1960,Un viaje apasionante a través de ideas que transforman la manera de ver el mundo.
862,God of Small Things,Roy Arundhati,9789883103034,Fiction,Romance,Contemporary,3.34,231,Oxford University Press,1991,"Escrita con una prosa elegante, esta obra es un referente en la literatura contemporánea."
863,God of Small Things,Roy Arundhati,9782983954298,Fiction,Romance,Multicultural & Interracial,3.34,724,Scholastic,1978,"Escrita con una prosa elegante, esta obra es un referente en la literatura contemporánea."
864,Jonathan Livingston Seagull: A Story,Richard Bach,9784462671463,Fiction,Literature & Fiction,Classic Fiction,2.5,158,Scholastic,2006,Una obra maestra que redefine el género y cautiva al lector desde la primera página.
865,"MANY LIVES, MANY MASTERS [Paperback] Weiss, Brian",DR BRIAN WEISS,9781435989266,Non-Fiction,History,Biographies & Autobiographies,2.42,967,Scholastic,1955,"Narración brillante que combina suspense, emoción y reflexión filosófica."
866,"MANY LIVES, MANY MASTERS [Paperback] Weiss, Brian",DR BRIAN WEISS,9786093141814,Non-Fiction,"Biographies, Diaries & True Accounts",Biographies & Autobiographies,2.42,285,Bloomsbury Publishing,1981,"Narración brillante que combina suspense, emoción y reflexión filosófica."
867,Seven Brief Lessons on Physics (L),Carlo Rovelli,9785155423409,Science & Technology,"Sciences, Technology & Medicine",Astronomy,3.67,1147,Simon & Schuster,2020,Un viaje apasionante a través de ideas que transforman la manera de ver el mundo.
868,"The Courage to Be Disliked : How to Free Yourself, Change Your Life and Achieve Real Happiness",Fumitake Koga,9786112849717,Lifestyle & Leisure,"Health, Family & Personal Development",Self-Help,11.69,730,Bloomsbury Publishing,1969,Imprescindible para cualquier amante de la lectura; una historia que perdura en la memoria.
869,"Courage To Be Disliked, The: How to free yourself, change your life and achieve real happiness (Courage To series)",Ichiro Kishimi and Fumitake Koga,9784849102562,Lifestyle & Leisure,"Health, Family & Personal Development",Self-Help,3.67,469,Hachette Livre,1985,"Narración brillante que combina suspense, emoción y reflexión filosófica."
870,The Courage To Be Disliked: A single book can change your life (Courage To series),Ichiro Kishimi,9788967924087,Non-Fiction,Society & Social Sciences,Society & Culture,3.49,152,Hachette Livre,1953,Una obra maestra que redefine el género y cautiva al lector desde la primera página.
871,"Courage To Be Disliked, The: How to free yourself, change your life and achieve real happiness (Courage To series)",Ichiro Kishimi and Fumitake Koga,9786940539677,Non-Fiction,Society & Social Sciences,Society & Culture,3.67,96,Macmillan Publishers,2013,Una obra maestra que redefine el género y cautiva al lector desde la primera página.
872,"The Courage to Be Disliked : How to Free Yourself, Change Your Life and Achieve Real Happiness",Fumitake Koga,9787844683414,Lifestyle & Leisure,"Health, Family & Personal Development",Personal Transformation,11.69,583,Hachette Livre,1978,"Escrita con una prosa elegante, esta obra es un referente en la literatura contemporánea."
873,"Courage To Be Disliked, The: How to free yourself, change your life and achieve real happiness (Courage To series)",Ichiro Kishimi and Fumitake Koga,9781113129018,Lifestyle & Leisure,"Health, Family & Personal Development",Personal Transformation,3.67,360,Random House,1978,Un relato profundo y emotivo que explora la condición humana con maestría literaria.
874,"The Courage to Be Disliked : How to Free Yourself, Change Your Life and Achieve Real Happiness",Fumitake Koga,9780682778812,Non-Fiction,Society & Social Sciences,Society & Culture,11.69,850,Random House,1981,Una novela que desafía convenciones y ofrece una perspectiva fresca y reveladora.
875,Brutal Obsession: A Dark Hockey Romance (Hockey Gods),S. Massery,9783068538908,Fiction,Romance,New Adult & College,4.49,530,Bloomsbury Publishing,1978,Repleta de personajes complejos y giros inesperados que no te dejarán soltar el libro.
876,How to Talk to Anyone: 92 Little Tricks for Big Success in Relationships,Leil Lowndes,9788321528501,Business & Law,Business & Economics,Analysis & Strategy,9.28,480,Macmillan Publishers,2006,Imprescindible para cualquier amante de la lectura; una historia que perdura en la memoria.
877,How to Talk to Anyone: 92 Little Tricks for Big Success in Relationships,Leil Lowndes,9782515381446,Lifestyle & Leisure,"Health, Family & Personal Development",Personal Transformation,9.28,623,Penguin Books,1977,Repleta de personajes complejos y giros inesperados que no te dejarán soltar el libro.
878,How to Talk to Anyone: 92 Little Tricks for Big Success in Relationships,Leil Lowndes,9783096348076,Lifestyle & Leisure,"Health, Family & Personal Development",Self-Help,9.28,1042,Scholastic,1968,"Escrita con una prosa elegante, esta obra es un referente en la literatura contemporánea."
879,How to Talk to Anyone: 92 Little Tricks for Big Success in Relationships,Leil Lowndes,9785097545105,Education,Reference,"Words, Language & Grammar",2.25,390,Oxford University Press,1951,"Un clásico moderno que mezcla aventura, drama y crítica social de forma magistral."
880,How to Talk to Anyone: 92 Little Tricks for Big Success in Relationships,Leil Lowndes,9785016731882,Lifestyle & Leisure,"Health, Family & Personal Development",Self-Help,2.65,1072,Hachette Livre,1987,Imprescindible para cualquier amante de la lectura; una historia que perdura en la memoria.
881,How to Talk to Anyone: 92 Little Tricks for Big Success in Relationships,Leil Lowndes,9787024376543,Lifestyle & Leisure,"Health, Family & Personal Development",Personal Transformation,2.65,463,Random House,1981,"Cautivadora desde el primer capítulo, con un desenlace que sorprende y conmueve."
882,DEATH: AN INSIDE STORY,Sadhguru,9788417722568,Non-Fiction,Religion,New Age & Spirituality,2.6,1097,HarperCollins,1952,Repleta de personajes complejos y giros inesperados que no te dejarán soltar el libro.
883,DEATH: AN INSIDE STORY,Sadhguru,9781340266505,Non-Fiction,Religion,Religious Studies,2.6,658,Bloomsbury Publishing,2011,Una novela que desafía convenciones y ofrece una perspectiva fresca y reveladora.
884,The Predator: An Enemies to Lovers Dark Romance (Dark Verse Book 1),RuNyx,9784167872568,Fiction,Romance,Romantic Suspense,2.86,349,Vintage Books,2006,Un relato profundo y emotivo que explora la condición humana con maestría literaria.
885,7 Habits of Highly Effective People,STEPHEN R COVEY,9781102258039,Business & Law,Business & Economics,Analysis & Strategy,4.06,486,Bloomsbury Publishing,2003,"Narración brillante que combina suspense, emoción y reflexión filosófica."
886,High School English Gram & Comp (Reg Ed),"Rao N,D,V,Prasada",9789067447168,Children & Young Adult,Children's Books,Reference,2.64,261,Bloomsbury Publishing,2021,Repleta de personajes complejos y giros inesperados que no te dejarán soltar el libro.
887,High School English Gram & Comp (Reg Ed),"Rao N,D,V,Prasada",9788234143638,Children & Young Adult,Children's Books,Education & Reference,2.64,1137,Bloomsbury Publishing,2020,"Narración brillante que combina suspense, emoción y reflexión filosófica."
888,High School English Gram & Comp (Reg Ed),"Rao N,D,V,Prasada",9789239231268,Education,Reference,"Words, Language & Grammar",2.64,518,Simon & Schuster,2022,Un viaje apasionante a través de ideas que transforman la manera de ver el mundo.
889,7 HABITS OF HIGHLY EFFECTIVE TEENAGERS,SEAN COVEY,9782609310666,Children & Young Adult,Teen & Young Adult,Social & Family Issues,3.73,86,Penguin Books,1974,"Cautivadora desde el primer capítulo, con un desenlace que sorprende y conmueve."
890,Better Than the Movies,Lynn Painter,9783567086049,Children & Young Adult,Teen & Young Adult,Romance,3.56,969,Vintage Books,2002,Repleta de personajes complejos y giros inesperados que no te dejarán soltar el libro.
891,AS A MAN THINKETH,James Allen,9784563502005,Fiction,Literature & Fiction,Essays,0.94,217,Simon & Schuster,1973,"Narración brillante que combina suspense, emoción y reflexión filosófica."
892,As a Man Thinketh,James Allen,9784749162472,Fiction,Literature & Fiction,Classic Fiction,0.76,1084,Random House,2016,Imprescindible para cualquier amante de la lectura; una historia que perdura en la memoria.
893,As a Man Thinketh,James Allen,9781108255598,Fiction,Literature & Fiction,Essays,0.76,507,Vintage Books,2001,"Cautivadora desde el primer capítulo, con un desenlace que sorprende y conmueve."
894,As a Man Thinketh,James Allen,9783439611290,Business & Law,Business & Economics,Economics,0.76,444,Vintage Books,2023,Imprescindible para cualquier amante de la lectura; una historia que perdura en la memoria.
895,The Millionaire Fastlane: Crack the Code to Wealth and Live Rich for a Lifetime,MJ DeMarco,9783371189547,Business & Law,Business & Economics,Industries,3.11,159,Scholastic,1999,Una novela que desafía convenciones y ofrece una perspectiva fresca y reveladora.
896,"Writing Practice Boxset: Pack of 4 Books (Writing Fun: Write And Practice Capital Letters, Small Letters, Patterns and Numbers 1 to 10)",Wonder House Books,9782023684859,Education,Reference,"Words, Language & Grammar",2.19,936,HarperCollins,1983,Una obra maestra que redefine el género y cautiva al lector desde la primera página.
897,"Writing Practice Boxset: Pack of 4 Books (Writing Fun: Write And Practice Capital Letters, Small Letters, Patterns and Numbers 1 to 10)",Wonder House Books,9786176880293,Children & Young Adult,Children's Books,Interactive & Activity Books,2.19,618,Vintage Books,1996,Un relato profundo y emotivo que explora la condición humana con maestría literaria.
898,Until You (Off-Limits),Catharina Maura,9780903678817,Fiction,Romance,Contemporary,4.94,858,Vintage Books,1983,Una obra maestra que redefine el género y cautiva al lector desde la primera página.
899,The Story of My Experiments With Truth,Mahatma Gandhi,9786866943202,Non-Fiction,"Biographies, Diaries & True Accounts",Biographies & Autobiographies,1.64,560,Bloomsbury Publishing,2005,Una novela que desafía convenciones y ofrece una perspectiva fresca y reveladora.
900,The Story of My Experiments With Truth,Mahatma Gandhi,9789087884431,Non-Fiction,History,Biographies & Autobiographies,1.64,794,Penguin Books,1997,"Un clásico moderno que mezcla aventura, drama y crítica social de forma magistral."
901,The Midnight Gang,David Walliams,9781230834021,Children & Young Adult,Children's Books,Humour,3.21,1071,Oxford University Press,1996,Repleta de personajes complejos y giros inesperados que no te dejarán soltar el libro.
902,The Sun is also a Star,Nicola Yoon,9780338105956,Children & Young Adult,Teen & Young Adult,Social & Family Issues,3.07,1166,Vintage Books,1980,Una novela que desafía convenciones y ofrece una perspectiva fresca y reveladora.
903,The Ice Monster: A funny illustrated children’s book from multi-million bestseller David Walliams,David Walliams,9784269450054,Children & Young Adult,Children's Books,Historical Fiction,3.51,448,Simon & Schuster,1990,Imprescindible para cualquier amante de la lectura; una historia que perdura en la memoria.
904,WAR STORM: RED QUEEN BOOK 4,Victoria Aveyard,9784089164988,Children & Young Adult,Teen & Young Adult,Science Fiction & Fantasy,4.68,694,Random House,2019,Una novela que desafía convenciones y ofrece una perspectiva fresca y reveladora.
905,Very First Sight Words Sentences Level 1 [Paperback] Dreamland Publications,Dreamland Publications,9785439627361,Children & Young Adult,Children's Books,Growing Up & Facts of Life,1.62,554,Vintage Books,1995,"Escrita con una prosa elegante, esta obra es un referente en la literatura contemporánea."
906,Very First Sight Words Sentences Level 1 [Paperback] Dreamland Publications,Dreamland Publications,9781727223970,Education,Reference,"Words, Language & Grammar",1.62,678,Hachette Livre,1959,"Un clásico moderno que mezcla aventura, drama y crítica social de forma magistral."
907,Very First Sight Words Sentences Level 1 [Paperback] Dreamland Publications,Dreamland Publications,9784226931212,Children & Young Adult,Children's Books,Picture Books,1.62,1073,HarperCollins,1967,Una obra maestra que redefine el género y cautiva al lector desde la primera página.
908,Very First Sight Words Sentences Level 1 [Paperback] Dreamland Publications,Dreamland Publications,9786182091664,Children & Young Adult,Children's Books,Language Learning,1.62,1083,Oxford University Press,1991,"Escrita con una prosa elegante, esta obra es un referente en la literatura contemporánea."
909,Llama Llama Red Pajama,Anna Dewdney,9780231429003,Children & Young Adult,Children's Books,Animals & Pets,3.78,883,Penguin Books,1981,Una novela que desafía convenciones y ofrece una perspectiva fresca y reveladora.
910,MISERY (REISSUE),Stephen King,9781327972456,Fiction,"Fantasy, Horror & Science Fiction",Horror,4.59,811,Vintage Books,2018,"Escrita con una prosa elegante, esta obra es un referente en la literatura contemporánea."
911,Lovelight Farms: The feel-good friends-to-lovers Romcom,B.K. Borison,9780848100189,Fiction,Romance,Holidays,2.78,1192,Bloomsbury Publishing,1966,Imprescindible para cualquier amante de la lectura; una historia que perdura en la memoria.
912,Lovelight Farms: The feel-good friends-to-lovers Romcom,B.K. Borison,9786203036626,Fiction,Romance,Small Town Romance,2.78,1065,Scholastic,1962,Una novela que desafía convenciones y ofrece una perspectiva fresca y reveladora.
913,Broken Whispers: An Arranged Marriage Mafia Romance (Perfectly Imperfect Book 2),Neva Altaj,9786172131453,Fiction,Romance,Enemies to Lovers,3.66,685,Scholastic,2014,"Cautivadora desde el primer capítulo, con un desenlace que sorprende y conmueve."
914,Broken Whispers: An Arranged Marriage Mafia Romance (Perfectly Imperfect Book 2),Neva Altaj,9781510922680,Fiction,Romance,Multicultural & Interracial,3.66,277,Simon & Schuster,2010,Una obra maestra que redefine el género y cautiva al lector desde la primera página.
915,Broken Whispers: An Arranged Marriage Mafia Romance (Perfectly Imperfect Book 2),Neva Altaj,9786249451476,Fiction,Romance,Action & Adventure,3.66,528,Random House,2018,"Narración brillante que combina suspense, emoción y reflexión filosófica."
916,The Communist Manifesto,Karl Marx,9780225267718,Education,Higher Education Textbooks,Social Sciences,1.08,310,Hachette Livre,1990,Una novela que desafía convenciones y ofrece una perspectiva fresca y reveladora.
917,The Communist Manifesto,Karl Marx,9784215226552,Non-Fiction,Politics,Political Ideologies,1.08,668,Oxford University Press,1963,"Cautivadora desde el primer capítulo, con un desenlace que sorprende y conmueve."
918,The Communist Manifesto,Karl Marx,9786952366875,Business & Law,Business & Economics,Economics,1.08,939,Simon & Schuster,1979,"Cautivadora desde el primer capítulo, con un desenlace que sorprende y conmueve."
919,"Guns, Germs and Steel : The MILLION-COPY bestselling history of everybody (20th Anniversary Edition)",Jared Diamond,9788836196891,Non-Fiction,Society & Social Sciences,Anthropology,4.7,995,Random House,1994,Una obra maestra que redefine el género y cautiva al lector desde la primera página.
920,"Guns, Germs and Steel : The MILLION-COPY bestselling history of everybody (20th Anniversary Edition)",Jared Diamond,9785030587219,Science & Technology,"Sciences, Technology & Medicine",Biology & Life Sciences,4.7,746,Hachette Livre,2020,"Un clásico moderno que mezcla aventura, drama y crítica social de forma magistral."
921,"Guns, Germs and Steel: The Fate of Human Societies",Jared Diamond,9782472863337,Non-Fiction,Society & Social Sciences,Anthropology,13.82,586,Simon & Schuster,1978,Una obra maestra que redefine el género y cautiva al lector desde la primera página.
922,"Guns, Germs and Steel : The MILLION-COPY bestselling history of everybody (20th Anniversary Edition)",Jared Diamond,9782606501912,Education,Higher Education Textbooks,Social Sciences,4.7,950,Oxford University Press,2009,Imprescindible para cualquier amante de la lectura; una historia que perdura en la memoria.
923,The Everything Store: Jeff Bezos and the Age of Amazon,Brad Stone,9780252131097,Business & Law,Business & Economics,Industries,4.44,317,Random House,1984,Repleta de personajes complejos y giros inesperados que no te dejarán soltar el libro.
924,"Guns, Germs and Steel : The MILLION-COPY bestselling history of everybody (20th Anniversary Edition)",Jared Diamond,9787284765707,Science & Technology,Science & Mathematics,Biology & Life Sciences,4.7,440,Macmillan Publishers,2023,Un relato profundo y emotivo que explora la condición humana con maestría literaria.
925,Rule Number Five: A College Hockey Romance (Rule Breaker Series Book 1),J. Wilder,9780092820666,Fiction,Romance,New Adult & College,4.58,1031,HarperCollins,1956,Un relato profundo y emotivo que explora la condición humana con maestría literaria.
926,Not My Match (The Game Changers Book 2),Ilsa Madden-Mills,9789843624188,Fiction,Romance,Small Town Romance,1.42,733,Penguin Books,2008,Imprescindible para cualquier amante de la lectura; una historia que perdura en la memoria.
927,The Way I Used To Be: The TikTok sensation,Amber Smith,9786903628917,Children & Young Adult,Teen & Young Adult,Social & Family Issues,3.83,312,Simon & Schuster,2006,Imprescindible para cualquier amante de la lectura; una historia que perdura en la memoria.
928,GREAT STORIES FOR CHILDREN,Ruskin Bond,9786620563416,Fiction,Literature & Fiction,Short Stories,1.62,791,Vintage Books,2013,Un relato profundo y emotivo que explora la condición humana con maestría literaria.
929,All About Love: New Visions: 1 (Love Song to the Nation),bell hooks,9789503428117,Non-Fiction,Society & Social Sciences,Ethnography,5.16,895,Hachette Livre,2005,"Un clásico moderno que mezcla aventura, drama y crítica social de forma magistral."
930,Tempted By The Devil (Kings Of Mafia),Michelle Heard,9784383034191,Fiction,Romance,Contemporary,4.58,342,Hachette Livre,1958,Imprescindible para cualquier amante de la lectura; una historia que perdura en la memoria.
931,Tempted By The Devil (Kings Of Mafia),Michelle Heard,9787005140541,Fiction,Literature & Fiction,"Crime, Thriller & Mystery",4.58,1070,Simon & Schuster,1971,Un viaje apasionante a través de ideas que transforman la manera de ver el mundo.
932,Tempted By The Devil (Kings Of Mafia),Michelle Heard,9785652156813,Fiction,Romance,Romantic Suspense,4.58,1081,Vintage Books,1952,Un relato profundo y emotivo que explora la condición humana con maestría literaria.
933,Metamorphosis,Franz Kafka,9789679042279,Fiction,Literature & Fiction,Classic Fiction,0.98,923,Hachette Livre,2021,Una novela que desafía convenciones y ofrece una perspectiva fresca y reveladora.
934,METAMORPHOSIS (PB),Franz Kafka,9783228898577,Fiction,"Fantasy, Horror & Science Fiction",Horror,1.64,560,Simon & Schuster,2007,Una novela que desafía convenciones y ofrece una perspectiva fresca y reveladora.
935,Zen and the Art of Motorcycle Maintenance : 40th Anniversary Edition,Robert Pirsig,9785960633996,Science & Technology,"Sciences, Technology & Medicine",Transportation & Automotive,4.28,139,Random House,2021,Una novela que desafía convenciones y ofrece una perspectiva fresca y reveladora.
936,Zen and the Art of Motorcycle Maintenance : 40th Anniversary Edition,Robert Pirsig,9787102481711,Non-Fiction,Religion,Buddhism,4.28,675,Hachette Livre,1957,Un relato profundo y emotivo que explora la condición humana con maestría literaria.
937,Relentless: From Good to Great to Unstoppable (Tim Grover Winning Series),Tim S. Grover,9784214955119,Lifestyle & Leisure,Sports,Training & Coaching,3.48,628,Scholastic,1994,"Escrita con una prosa elegante, esta obra es un referente en la literatura contemporánea."
938,"The Happy Ever After Playlist: 'Full of fierce humour and fiercer heart' Casey McQuiston, New York Times bestselling author of Red, White & Royal Blue",Abby Jimenez,9787472197052,Fiction,Romance,Holidays,2.14,1119,HarperCollins,2011,Una novela que desafía convenciones y ofrece una perspectiva fresca y reveladora.
939,The God Delusion : 10th Anniversary Edition,Richard Dawkins,9789275895510,Non-Fiction,Religion,New Age & Spirituality,4.37,520,Vintage Books,1968,Un relato profundo y emotivo que explora la condición humana con maestría literaria.
940,The God Delusion : 10th Anniversary Edition,Richard Dawkins,9784090380219,Non-Fiction,Religion,Religious Studies,4.37,917,Oxford University Press,1958,Repleta de personajes complejos y giros inesperados que no te dejarán soltar el libro.
941,400 Days,Chetan Bhagat,9789613671573,Fiction,Romance,Romantic Suspense,2.3,204,Random House,1995,"Escrita con una prosa elegante, esta obra es un referente en la literatura contemporánea."
942,400 Days,Chetan Bhagat,9781121663658,Fiction,"Crime, Thriller & Mystery",Thrillers and Suspense,2.3,741,Simon & Schuster,1958,"Un clásico moderno que mezcla aventura, drama y crítica social de forma magistral."
943,400 Days,Chetan Bhagat,9789737147089,Fiction,"Crime, Thriller & Mystery",Thrillers and Suspense,1.54,615,Hachette Livre,1985,Una obra maestra que redefine el género y cautiva al lector desde la primera página.
944,400 Days,Chetan Bhagat,9783590960561,Fiction,Literature & Fiction,"Crime, Thriller & Mystery",2.3,730,HarperCollins,2022,"Un clásico moderno que mezcla aventura, drama y crítica social de forma magistral."
945,Outlive: The Science and Art of Longevity,Bill Gifford,9783064421210,Science & Technology,"Sciences, Technology & Medicine",Biology & Life Sciences,4.94,922,Penguin Books,1982,"Escrita con una prosa elegante, esta obra es un referente en la literatura contemporánea."
946,Outlive: The Science and Art of Longevity,Bill Gifford,9784768342012,Science & Technology,Science & Mathematics,Biology & Life Sciences,4.94,881,Penguin Books,1953,"Escrita con una prosa elegante, esta obra es un referente en la literatura contemporánea."
947,"Dying To Be Me : My Journey from Cancer: My Journey from Cancer, to Near Death, to True Healing",Anita Moorjani,9782356778266,Non-Fiction,"Biographies, Diaries & True Accounts",True Accounts,2.73,985,Bloomsbury Publishing,2012,Imprescindible para cualquier amante de la lectura; una historia que perdura en la memoria.
948,Diary of a Wimpy Kid : Diper Ã–verlode,Jeff Kinney,9780893199259,Children & Young Adult,Children's Books,Humour,3.93,950,Scholastic,2005,"Un clásico moderno que mezcla aventura, drama y crítica social de forma magistral."
949,"Diary of a Wimpy Kid: Diper Överlöde (Book 17) (Diary of a Wimpy Kid, 17)",Jeff Kinney,9787275164804,Children & Young Adult,Children's Books,Literature & Fiction,2.5,896,Hachette Livre,1967,Un relato profundo y emotivo que explora la condición humana con maestría literaria.
950,"Diary of a Wimpy Kid: Diper Överlöde (Book 17) (Diary of a Wimpy Kid, 17)",Jeff Kinney,9789103368299,Children & Young Adult,Children's Books,Comics & Graphic Novels,2.5,613,Bloomsbury Publishing,2000,Un viaje apasionante a través de ideas que transforman la manera de ver el mundo.
951,Diary of a Wimpy Kid : Diper Ã–verlode,Jeff Kinney,9783390550447,Fiction,Comics & Mangas,Comics,3.93,191,HarperCollins,1977,Repleta de personajes complejos y giros inesperados que no te dejarán soltar el libro.
952,"Diary of a Wimpy Kid: Diper Överlöde (Book 17) (Diary of a Wimpy Kid, 17)",Jeff Kinney,9787665586854,Children & Young Adult,Children's Books,Growing Up & Facts of Life,2.5,629,Bloomsbury Publishing,2007,Imprescindible para cualquier amante de la lectura; una historia que perdura en la memoria.
953,"Diary of a Wimpy Kid: Diper Överlöde (Book 17) (Diary of a Wimpy Kid, 17)",Jeff Kinney,9786528928666,Children & Young Adult,Children's Books,Humour,2.5,1074,Macmillan Publishers,1989,Un relato profundo y emotivo que explora la condición humana con maestría literaria.
954,The Richest Man In Babylon - Fingerprint!,George S. Clason,9789111109611,Business & Law,Business & Economics,Economics,1.09,528,Scholastic,2018,"Narración brillante que combina suspense, emoción y reflexión filosófica."
955,The Richest Man In Babylon - Fingerprint!,George S. Clason,9781789046336,Business & Law,Business & Economics,Analysis & Strategy,1.09,775,HarperCollins,1988,Un viaje apasionante a través de ideas que transforman la manera de ver el mundo.
956,AUTOBIOGRAPHY OF A YOGI,Paramahansa Yogananda,9781371576608,Non-Fiction,"Biographies, Diaries & True Accounts",Biographies & Autobiographies,2.19,173,Vintage Books,1992,Un viaje apasionante a través de ideas que transforman la manera de ver el mundo.
957,Autobiography of A Yogi,Paramahansa Yogananda,9784444630609,Non-Fiction,"Biographies, Diaries & True Accounts",True Accounts,1.75,711,Scholastic,1979,Una obra maestra que redefine el género y cautiva al lector desde la primera página.
958,AUTOBIOGRAPHY OF A YOGI,Paramahansa Yogananda,9785895529637,Non-Fiction,History,Biographies & Autobiographies,2.19,996,Penguin Books,2022,"Un clásico moderno que mezcla aventura, drama y crítica social de forma magistral."
959,Autobiography of a Yogi,Paramahansa Yogananda,9789609626267,Non-Fiction,History,Biographies & Autobiographies,12.39,919,Hachette Livre,2015,Una obra maestra que redefine el género y cautiva al lector desde la primera página.
960,Autobiography of A Yogi,Paramahansa Yogananda,9786312819645,Non-Fiction,"Biographies, Diaries & True Accounts",Biographies & Autobiographies,1.75,533,Hachette Livre,2002,Una obra maestra que redefine el género y cautiva al lector desde la primera página.
961,Autobiography of A Yogi,Paramahansa Yogananda,9783110609204,Non-Fiction,History,Biographies & Autobiographies,1.75,421,Penguin Books,1968,Un viaje apasionante a través de ideas que transforman la manera de ver el mundo.
962,Autobiography of a Yogi,Paramahansa Yogananda,9789602752332,Non-Fiction,"Biographies, Diaries & True Accounts",Biographies & Autobiographies,12.39,1177,Macmillan Publishers,2019,Repleta de personajes complejos y giros inesperados que no te dejarán soltar el libro.
963,Autobiography of a Yogi,Paramahansa Yogananda,9783640412092,Non-Fiction,Religion,Hinduism,12.39,502,Bloomsbury Publishing,1990,Una obra maestra que redefine el género y cautiva al lector desde la primera página.
964,The Infernal Devices 1: Clockwork Angel,Cassandra Clare,9789112442114,Children & Young Adult,Teen & Young Adult,Romance,3.02,305,Penguin Books,1950,Una obra maestra que redefine el género y cautiva al lector desde la primera página.
965,The Infernal Devices 1: Clockwork Angel,Cassandra Clare,9786170617133,Children & Young Adult,Teen & Young Adult,Science Fiction & Fantasy,3.02,755,Oxford University Press,1956,Un viaje apasionante a través de ideas que transforman la manera de ver el mundo.
966,Romantic Comedy: The bestselling Reese Witherspoon Book Club Pick by the author of RODHAM and AMERICAN WIFE,Curtis Sittenfeld,9787224029908,Fiction,Romance,Adaptations,5.06,344,Bloomsbury Publishing,1995,Un viaje apasionante a través de ideas que transforman la manera de ver el mundo.
967,Romantic Comedy,Curtis Sittenfeld,9787998028418,Fiction,Romance,Adaptations,5.3,1185,Scholastic,1965,Imprescindible para cualquier amante de la lectura; una historia que perdura en la memoria.
968,"The Gruffalo's Child (The Gruffalo, 2)",Julia Donaldson,9788088235137,Children & Young Adult,Children's Books,Holidays & Celebrations,3.21,120,Hachette Livre,1959,Imprescindible para cualquier amante de la lectura; una historia que perdura en la memoria.
969,Mrs Funnybones : She's just like You and a lot like Me,Khanna Twinkle,9783124473155,Fiction,Literature & Fiction,Humour,2.23,123,Bloomsbury Publishing,1958,"Un clásico moderno que mezcla aventura, drama y crítica social de forma magistral."
970,Invisible Women : the Sunday Times number one bestseller exposing the gender bias women face every day,Caroline Criado Perez,9787686342343,Business & Law,Business & Economics,Industries,4.41,856,HarperCollins,2017,Una novela que desafía convenciones y ofrece una perspectiva fresca y reveladora.
971,HANS: Alliance Series Book Four,S.J. Tilly,9789423767695,Fiction,Romance,Action & Adventure,4.56,264,HarperCollins,2002,Una novela que desafía convenciones y ofrece una perspectiva fresca y reveladora.
972,Daddy's Girls,Danielle Steel,9781966395514,Fiction,Romance,Western & Frontier,3.46,762,Random House,1970,"Escrita con una prosa elegante, esta obra es un referente en la literatura contemporánea."
973,"Three Thousand Stitches: Ordinary People, Extraordinary Lives [Paperback] Murty, Sudha",Murty Sudha,9788496498566,Non-Fiction,"Biographies, Diaries & True Accounts",True Accounts,2.53,802,Macmillan Publishers,1974,"Escrita con una prosa elegante, esta obra es un referente en la literatura contemporánea."
974,"Three Thousand Stitches: Ordinary People, Extraordinary Lives [Paperback] Murty, Sudha",Murty Sudha,9785625313557,Non-Fiction,"Biographies, Diaries & True Accounts",Biographies & Autobiographies,2.53,209,Vintage Books,1981,Una obra maestra que redefine el género y cautiva al lector desde la primera página.
975,"Three Thousand Stitches: Ordinary People, Extraordinary Lives [Paperback] Murty, Sudha",Murty Sudha,9780505379536,Non-Fiction,History,Biographies & Autobiographies,2.53,180,HarperCollins,1972,"Un clásico moderno que mezcla aventura, drama y crítica social de forma magistral."
976,One Up on Wall Street: How To Use What You Already Know To Make Money in the Market,Peter Lynch,9784938318497,Non-Fiction,History,Biographies & Autobiographies,2.77,1142,Random House,1973,"Narración brillante que combina suspense, emoción y reflexión filosófica."
977,One Up on Wall Street: How To Use What You Already Know To Make Money in the Market,Peter Lynch,9786553307703,Non-Fiction,"Biographies, Diaries & True Accounts",Biographies & Autobiographies,2.77,511,Oxford University Press,1953,Repleta de personajes complejos y giros inesperados que no te dejarán soltar el libro.
978,Master Your Emotions: A Practical Guide to Overcome Negativity and Better Manage Your Feelings (Mastery Series Book 1),thibaut  meurisse,9781729596399,Business & Law,Business & Economics,Analysis & Strategy,1.09,821,Bloomsbury Publishing,2013,Una obra maestra que redefine el género y cautiva al lector desde la primera página.
979,"Dead Mountain: The Untold True Story of the Dyatlov Pass Incident: 25 Makeup Looks for Day, Night, and Everything In Between!",Donnie Eichar,9789074260885,Lifestyle & Leisure,Sports,Active Outdoor Pursuits,10.38,1176,Oxford University Press,1965,"Escrita con una prosa elegante, esta obra es un referente en la literatura contemporánea."
980,Resisting Mr. Kane: An Age Gap Office Romance (The London Mister Series Book 2),Rosa Lucas,9781716445561,Fiction,Romance,New Adult & College,3.34,486,Random House,1992,"Un clásico moderno que mezcla aventura, drama y crítica social de forma magistral."
981,Bhagvad Gita As It Is English New Edition,His Divine Grace A.C. Bhaktivedanta Swami Prabhupada,9787906477150,Non-Fiction,Religion,Hinduism,3.41,401,Simon & Schuster,1961,Un relato profundo y emotivo que explora la condición humana con maestría literaria.
982,The How Not To Die Cookbook,Michael Greger,9783002156327,Lifestyle & Leisure,"Crafts, Home & Lifestyle","Food, Drink & Entertaining",7.67,1177,Hachette Livre,1962,Una obra maestra que redefine el género y cautiva al lector desde la primera página.
983,Percy Jackson and the Greek Gods,Rick Riordan,9788004010410,Children & Young Adult,Children's Books,Fantasy,2.85,890,Simon & Schuster,2001,Un viaje apasionante a través de ideas que transforman la manera de ver el mundo.
984,Percy Jackson and the Greek Gods,Rick Riordan,9786422971259,Children & Young Adult,Children's Books,Mysteries & Curiosities,2.85,549,Macmillan Publishers,2023,"Cautivadora desde el primer capítulo, con un desenlace que sorprende y conmueve."
985,Percy Jackson and the Greek Gods,Rick Riordan,9787188397745,Children & Young Adult,Children's Books,Religion,2.85,674,HarperCollins,1999,Una obra maestra que redefine el género y cautiva al lector desde la primera página.
986,Black & White Board Book,Tana Hoban,9781441583318,Fiction,Literature & Fiction,Short Stories,3.95,410,Oxford University Press,2002,Un viaje apasionante a través de ideas que transforman la manera de ver el mundo.
987,THE ARTIST'S WAY,Julia Cameron,9783037637151,Education,Reference,"Words, Language & Grammar",5.71,845,HarperCollins,1998,Un viaje apasionante a través de ideas que transforman la manera de ver el mundo.
988,THE ARTIST'S WAY,Julia Cameron,9788547281234,Lifestyle & Leisure,"Arts, Film & Photography",Theory & Criticism,5.71,758,Hachette Livre,2010,"Cautivadora desde el primer capítulo, con un desenlace que sorprende y conmueve."
989,THE ARTIST'S WAY,Julia Cameron,9789836314622,Lifestyle & Leisure,"Crafts, Home & Lifestyle","Handicrafts, Decorative Arts & Crafts",5.71,926,Hachette Livre,1967,Repleta de personajes complejos y giros inesperados que no te dejarán soltar el libro.
990,THE ARTIST'S WAY,Julia Cameron,9782711307242,Education,"Language, Linguistics & Writing",Writing Guides,5.71,521,Simon & Schuster,1993,Una obra maestra que redefine el género y cautiva al lector desde la primera página.
991,THE ARTIST'S WAY,Julia Cameron,9787541815638,Lifestyle & Leisure,"Arts, Film & Photography",Music,5.71,589,Macmillan Publishers,1973,Una novela que desafía convenciones y ofrece una perspectiva fresca y reveladora.
992,Contractually Yours: An Arranged Marriage Romance (The Lasker Brothers),Nadia Lee,9786850745105,Fiction,Romance,New Adult & College,5.49,107,Oxford University Press,1962,Un relato profundo y emotivo que explora la condición humana con maestría literaria.
993,Love Yourself Like Your Life Depends on It: The positive self-help phenomenon,Kamal Ravikant,9784362948979,Education,Higher Education Textbooks,Social Sciences,3.18,153,Macmillan Publishers,1989,"Cautivadora desde el primer capítulo, con un desenlace que sorprende y conmueve."
994,Contractually Yours: An Arranged Marriage Romance (The Lasker Brothers),Nadia Lee,9780313100945,Fiction,Romance,Enemies to Lovers,5.49,121,Hachette Livre,1995,Una novela que desafía convenciones y ofrece una perspectiva fresca y reveladora.
995,Concept of Physics by H.C Verma Part - II - Session 2022-23,H.C. Verma,9781439666133,Children & Young Adult,Teen & Young Adult,Education & Reference,4.82,1158,Oxford University Press,1972,"Un clásico moderno que mezcla aventura, drama y crítica social de forma magistral."
996,The Little Prince,Antoine de Saint-Exupéry,9782354940122,Children & Young Adult,Teen & Young Adult,History,7.72,289,Hachette Livre,2005,Imprescindible para cualquier amante de la lectura; una historia que perdura en la memoria.
997,When She Unravels: A Dark Mafia Romance (The Fallen Book 1),Gabrielle Sands,9784325122572,Fiction,Romance,Action & Adventure,4.58,1107,Macmillan Publishers,1982,"Escrita con una prosa elegante, esta obra es un referente en la literatura contemporánea."
998,When She Unravels: A Dark Mafia Romance (The Fallen Book 1),Gabrielle Sands,9786502412096,Fiction,Romance,Romantic Suspense,4.58,894,Vintage Books,2013,Un viaje apasionante a través de ideas que transforman la manera de ver el mundo.
999,When She Unravels: A Dark Mafia Romance (The Fallen Book 1),Gabrielle Sands,9780737100942,Fiction,Romance,Contemporary,4.58,1073,Macmillan Publishers,1961,Imprescindible para cualquier amante de la lectura; una historia que perdura en la memoria.
